Event Index,UTC Timestamp,UTC Date and Time,Local Timestamp,Local Timezone,Local Date and Time,Experiment ID,Experiment Version,Tree Node Key,Repeat Key,Schedule ID,Participant Public ID,Participant Private ID,Participant Starting Group,Participant Status,Participant Completion Code,Participant External Session ID,Participant Device Type,Participant Device,Participant OS,Participant Browser,Participant Monitor Size,Participant Viewport Size,Checkpoint,Room ID,Room Order,Task Name,Task Version,counterbalance-2nfr,branch-i39d,branch-gwtr,branch-9h9t,checkpoint-o7ee,checkpoint-6s7s,branch-ktz5,branch-hxbs,Page,Page ID,Page Counter,Question,Response Type,Key,Response,Tag,OptionOrder,Object Name,Object Number,Object ID,Store: Yes,Store: Consent
1,1733327103719,04/12/2024 15:45:03,1733309103719,-5,04/12/2024 05:45:03,196386,6,questionnaire-f8mc,,41800824,BLIND,12210601,,complete,,675077efcdde5cd72262236f,computer,Desktop or Laptop,Mac OS 10.15.7,Chrome 131.0.0.0,1512x982,1436x669,Headphone Check Pass,,0,Consent_Form_UNC,5,CB48,Yes,Pass,Exit,Headphone Check Pass,,,,,,,,info,,BEGIN,,,,,,,
2,1733327162265,04/12/2024 15:46:02,1733309162265,-5,04/12/2024 05:46:02,196386,6,questionnaire-f8mc,,41800824,BLIND,12210601,,complete,,675077efcdde5cd72262236f,computer,Desktop or Laptop,Mac OS 10.15.7,Chrome 131.0.0.0,1512x982,1436x669,Headphone Check Pass,,0,Consent_Form_UNC,5,CB48,Yes,Pass,Exit,Headphone Check Pass,,,,Page 1,48mr17,1,"If you would like to participate in this study select ""yes"", otherwise select ""no."" ",response,value,Yes,,Yes|No,consent,2,object-4,,Yes
3,1733327162266,04/12/2024 15:46:02,1733309162266,-5,04/12/2024 05:46:02,196386,6,questionnaire-f8mc,,41800824,BLIND,12210601,,complete,,675077efcdde5cd72262236f,computer,Desktop or Laptop,Mac OS 10.15.7,Chrome 131.0.0.0,1512x982,1436x669,Headphone Check Pass,,0,Consent_Form_UNC,5,CB48,Yes,Pass,Exit,Headphone Check Pass,,,,Page 1,48mr17,1,"If you would like to participate in this study select ""yes"", otherwise select ""no."" ",response,quantised,1,,Yes|No,consent,2,object-4,,Yes
4,1733327162266,04/12/2024 15:46:02,1733309162266,-5,04/12/2024 05:46:02,196386,6,questionnaire-f8mc,,41800824,BLIND,12210601,,complete,,675077efcdde5cd72262236f,computer,Desktop or Laptop,Mac OS 10.15.7,Chrome 131.0.0.0,1512x982,1436x669,Headphone Check Pass,,0,Consent_Form_UNC,5,CB48,Yes,Pass,Exit,Headphone Check Pass,,,,,,,,info,,END,58527,,,,,,
1,1733329416885,04/12/2024 16:23:36,1733311416885,-5,04/12/2024 06:23:36,196386,6,questionnaire-f8mc,,41802179,BLIND,12210934,,complete,,675081c82242713ea5e42dc2,computer,Desktop or Laptop,Mac OS 10.15.7,Chrome 131.0.0.0,1680x1050,1035x822,Headphone Check Pass,,0,Consent_Form_UNC,5,CB22,Yes,Pass,Pass,Headphone Check Pass,,,,,,,,info,,BEGIN,,,,,,,
2,1733329430235,04/12/2024 16:23:50,1733311430235,-5,04/12/2024 06:23:50,196386,6,questionnaire-f8mc,,41802179,BLIND,12210934,,complete,,675081c82242713ea5e42dc2,computer,Desktop or Laptop,Mac OS 10.15.7,Chrome 131.0.0.0,1680x1050,1035x822,Headphone Check Pass,,0,Consent_Form_UNC,5,CB22,Yes,Pass,Pass,Headphone Check Pass,,,,Page 1,48mr17,1,"If you would like to participate in this study select ""yes"", otherwise select ""no."" ",response,value,Yes,,Yes|No,consent,2,object-4,,Yes
3,1733329430235,04/12/2024 16:23:50,1733311430235,-5,04/12/2024 06:23:50,196386,6,questionnaire-f8mc,,41802179,BLIND,12210934,,complete,,675081c82242713ea5e42dc2,computer,Desktop or Laptop,Mac OS 10.15.7,Chrome 131.0.0.0,1680x1050,1035x822,Headphone Check Pass,,0,Consent_Form_UNC,5,CB22,Yes,Pass,Pass,Headphone Check Pass,,,,Page 1,48mr17,1,"If you would like to participate in this study select ""yes"", otherwise select ""no."" ",response,quantised,1,,Yes|No,consent,2,object-4,,Yes
4,1733329430235,04/12/2024 16:23:50,1733311430235,-5,04/12/2024 06:23:50,196386,6,questionnaire-f8mc,,41802179,BLIND,12210934,,complete,,675081c82242713ea5e42dc2,computer,Desktop or Laptop,Mac OS 10.15.7,Chrome 131.0.0.0,1680x1050,1035x822,Headphone Check Pass,,0,Consent_Form_UNC,5,CB22,Yes,Pass,Pass,Headphone Check Pass,,,,,,,,info,,END,13318,,,,,,
1,1733329641950,04/12/2024 16:27:21,1733308041950,-6,04/12/2024 04:27:21,196386,6,questionnaire-f8mc,,41802270,BLIND,12210955,,complete,,675080f36a99effe7eb97fac,computer,Desktop or Laptop,Windows 10,Chrome 131.0.0.0,1366x768,1366x641,Headphone Check Pass,,0,Consent_Form_UNC,5,CB27,Yes,Pass,Pass,Headphone Check Pass,,,,,,,,info,,BEGIN,,,,,,,
2,1733329682388,04/12/2024 16:28:02,1733308082388,-6,04/12/2024 04:28:02,196386,6,questionnaire-f8mc,,41802270,BLIND,12210955,,complete,,675080f36a99effe7eb97fac,computer,Desktop or Laptop,Windows 10,Chrome 131.0.0.0,1366x768,1366x641,Headphone Check Pass,,0,Consent_Form_UNC,5,CB27,Yes,Pass,Pass,Headphone Check Pass,,,,Page 1,48mr17,1,"If you would like to participate in this study select ""yes"", otherwise select ""no."" ",response,value,Yes,,Yes|No,consent,2,object-4,,Yes
3,1733329682389,04/12/2024 16:28:02,1733308082389,-6,04/12/2024 04:28:02,196386,6,questionnaire-f8mc,,41802270,BLIND,12210955,,complete,,675080f36a99effe7eb97fac,computer,Desktop or Laptop,Windows 10,Chrome 131.0.0.0,1366x768,1366x641,Headphone Check Pass,,0,Consent_Form_UNC,5,CB27,Yes,Pass,Pass,Headphone Check Pass,,,,Page 1,48mr17,1,"If you would like to participate in this study select ""yes"", otherwise select ""no."" ",response,quantised,1,,Yes|No,consent,2,object-4,,Yes
4,1733329682390,04/12/2024 16:28:02,1733308082390,-6,04/12/2024 04:28:02,196386,6,questionnaire-f8mc,,41802270,BLIND,12210955,,complete,,675080f36a99effe7eb97fac,computer,Desktop or Laptop,Windows 10,Chrome 131.0.0.0,1366x768,1366x641,Headphone Check Pass,,0,Consent_Form_UNC,5,CB27,Yes,Pass,Pass,Headphone Check Pass,,,,,,,,info,,END,40354,,,,,,
1,1733331174721,04/12/2024 16:52:54,1733313174721,-5,04/12/2024 06:52:54,196386,6,questionnaire-f8mc,,41802871,BLIND,12211172,,complete,,675088bc77704847ea338573,computer,Desktop or Laptop,Mac OS 10.12.6,Chrome 103.0.0.0,1440x900,1440x685,Headphone Check Pass,,0,Consent_Form_UNC,5,CB10,Yes,Pass,Exit,Headphone Check Pass,,,,,,,,info,,BEGIN,,,,,,,
2,1733331217094,04/12/2024 16:53:37,1733313217094,-5,04/12/2024 06:53:37,196386,6,questionnaire-f8mc,,41802871,BLIND,12211172,,complete,,675088bc77704847ea338573,computer,Desktop or Laptop,Mac OS 10.12.6,Chrome 103.0.0.0,1440x900,1440x685,Headphone Check Pass,,0,Consent_Form_UNC,5,CB10,Yes,Pass,Exit,Headphone Check Pass,,,,Page 1,48mr17,1,"If you would like to participate in this study select ""yes"", otherwise select ""no."" ",response,value,Yes,,Yes|No,consent,2,object-4,,Yes
3,1733331217094,04/12/2024 16:53:37,1733313217094,-5,04/12/2024 06:53:37,196386,6,questionnaire-f8mc,,41802871,BLIND,12211172,,complete,,675088bc77704847ea338573,computer,Desktop or Laptop,Mac OS 10.12.6,Chrome 103.0.0.0,1440x900,1440x685,Headphone Check Pass,,0,Consent_Form_UNC,5,CB10,Yes,Pass,Exit,Headphone Check Pass,,,,Page 1,48mr17,1,"If you would like to participate in this study select ""yes"", otherwise select ""no."" ",response,quantised,1,,Yes|No,consent,2,object-4,,Yes
4,1733331217096,04/12/2024 16:53:37,1733313217096,-5,04/12/2024 06:53:37,196386,6,questionnaire-f8mc,,41802871,BLIND,12211172,,complete,,675088bc77704847ea338573,computer,Desktop or Laptop,Mac OS 10.12.6,Chrome 103.0.0.0,1440x900,1440x685,Headphone Check Pass,,0,Consent_Form_UNC,5,CB10,Yes,Pass,Exit,Headphone Check Pass,,,,,,,,info,,END,42306,,,,,,
1,1733331575207,04/12/2024 16:59:35,1733313575207,-5,04/12/2024 06:59:35,196386,6,questionnaire-f8mc,,41803076,BLIND,12211240,,complete,,67508a5a19afafa5276a9313,computer,Desktop or Laptop,Mac OS 10.15.7,Chrome 131.0.0.0,1470x956,1470x832,Headphone Check Pass,,0,Consent_Form_UNC,5,CB9,Yes,Pass,Exit,Headphone Check Pass,,,,,,,,info,,BEGIN,,,,,,,
2,1733331578232,04/12/2024 16:59:38,1733313578232,-5,04/12/2024 06:59:38,196386,6,questionnaire-f8mc,,41803076,BLIND,12211240,,complete,,67508a5a19afafa5276a9313,computer,Desktop or Laptop,Mac OS 10.15.7,Chrome 131.0.0.0,1470x956,1470x832,Headphone Check Pass,,0,Consent_Form_UNC,5,CB9,Yes,Pass,Exit,Headphone Check Pass,,,,Page 1,48mr17,1,"If you would like to participate in this study select ""yes"", otherwise select ""no."" ",response,value,Yes,,Yes|No,consent,2,object-4,,Yes
3,1733331578232,04/12/2024 16:59:38,1733313578232,-5,04/12/2024 06:59:38,196386,6,questionnaire-f8mc,,41803076,BLIND,12211240,,complete,,67508a5a19afafa5276a9313,computer,Desktop or Laptop,Mac OS 10.15.7,Chrome 131.0.0.0,1470x956,1470x832,Headphone Check Pass,,0,Consent_Form_UNC,5,CB9,Yes,Pass,Exit,Headphone Check Pass,,,,Page 1,48mr17,1,"If you would like to participate in this study select ""yes"", otherwise select ""no."" ",response,quantised,1,,Yes|No,consent,2,object-4,,Yes
4,1733331578232,04/12/2024 16:59:38,1733313578232,-5,04/12/2024 06:59:38,196386,6,questionnaire-f8mc,,41803076,BLIND,12211240,,complete,,67508a5a19afafa5276a9313,computer,Desktop or Laptop,Mac OS 10.15.7,Chrome 131.0.0.0,1470x956,1470x832,Headphone Check Pass,,0,Consent_Form_UNC,5,CB9,Yes,Pass,Exit,Headphone Check Pass,,,,,,,,info,,END,2999,,,,,,
1,1733331797521,04/12/2024 17:03:17,1733302997521,-8,04/12/2024 01:03:17,196386,6,questionnaire-f8mc,,41803144,BLIND,12211266,,complete,,675085b54af6da2fb6535f46,computer,Desktop or Laptop,Mac OS 10.15.7,Chrome 131.0.0.0,1440x900,500x708,Headphone Check Pass,,0,Consent_Form_UNC,5,CB1,Yes,Pass,Exit,Headphone Check Pass,,,,,,,,info,,BEGIN,,,,,,,
2,1733332333980,04/12/2024 17:12:13,1733303533980,-8,04/12/2024 01:12:13,196386,6,questionnaire-f8mc,,41803144,BLIND,12211266,,complete,,675085b54af6da2fb6535f46,computer,Desktop or Laptop,Mac OS 10.15.7,Chrome 131.0.0.0,1440x900,1440x708,Headphone Check Pass,,0,Consent_Form_UNC,5,CB1,Yes,Pass,Exit,Headphone Check Pass,,,,Page 1,48mr17,1,"If you would like to participate in this study select ""yes"", otherwise select ""no."" ",response,value,Yes,,Yes|No,consent,2,object-4,,Yes
3,1733332333980,04/12/2024 17:12:13,1733303533980,-8,04/12/2024 01:12:13,196386,6,questionnaire-f8mc,,41803144,BLIND,12211266,,complete,,675085b54af6da2fb6535f46,computer,Desktop or Laptop,Mac OS 10.15.7,Chrome 131.0.0.0,1440x900,1440x708,Headphone Check Pass,,0,Consent_Form_UNC,5,CB1,Yes,Pass,Exit,Headphone Check Pass,,,,Page 1,48mr17,1,"If you would like to participate in this study select ""yes"", otherwise select ""no."" ",response,quantised,1,,Yes|No,consent,2,object-4,,Yes
4,1733332333980,04/12/2024 17:12:13,1733303533980,-8,04/12/2024 01:12:13,196386,6,questionnaire-f8mc,,41803144,BLIND,12211266,,complete,,675085b54af6da2fb6535f46,computer,Desktop or Laptop,Mac OS 10.15.7,Chrome 131.0.0.0,1440x900,1440x708,Headphone Check Pass,,0,Consent_Form_UNC,5,CB1,Yes,Pass,Exit,Headphone Check Pass,,,,,,,,info,,END,536437,,,,,,
1,1733332026063,04/12/2024 17:07:06,1733314026063,-5,04/12/2024 07:07:06,196386,6,questionnaire-f8mc,,41803221,BLIND,12211290,,complete,,67508c105b0cd3b859d67591,computer,Desktop or Laptop,Mac OS 10.15,Firefox 133.0,1512x982,1512x860,Headphone Check Pass,,0,Consent_Form_UNC,5,CB25,Yes,Pass,Pass,Headphone Check Pass,,,,,,,,info,,BEGIN,,,,,,,
2,1733332038878,04/12/2024 17:07:18,1733314038878,-5,04/12/2024 07:07:18,196386,6,questionnaire-f8mc,,41803221,BLIND,12211290,,complete,,67508c105b0cd3b859d67591,computer,Desktop or Laptop,Mac OS 10.15,Firefox 133.0,1512x982,1512x860,Headphone Check Pass,,0,Consent_Form_UNC,5,CB25,Yes,Pass,Pass,Headphone Check Pass,,,,Page 1,48mr17,1,"If you would like to participate in this study select ""yes"", otherwise select ""no."" ",response,value,Yes,,Yes|No,consent,2,object-4,,Yes
3,1733332038878,04/12/2024 17:07:18,1733314038878,-5,04/12/2024 07:07:18,196386,6,questionnaire-f8mc,,41803221,BLIND,12211290,,complete,,67508c105b0cd3b859d67591,computer,Desktop or Laptop,Mac OS 10.15,Firefox 133.0,1512x982,1512x860,Headphone Check Pass,,0,Consent_Form_UNC,5,CB25,Yes,Pass,Pass,Headphone Check Pass,,,,Page 1,48mr17,1,"If you would like to participate in this study select ""yes"", otherwise select ""no."" ",response,quantised,1,,Yes|No,consent,2,object-4,,Yes
4,1733332038879,04/12/2024 17:07:18,1733314038879,-5,04/12/2024 07:07:18,196386,6,questionnaire-f8mc,,41803221,BLIND,12211290,,complete,,67508c105b0cd3b859d67591,computer,Desktop or Laptop,Mac OS 10.15,Firefox 133.0,1512x982,1512x860,Headphone Check Pass,,0,Consent_Form_UNC,5,CB25,Yes,Pass,Pass,Headphone Check Pass,,,,,,,,info,,END,12792,,,,,,
1,1733333860478,04/12/2024 17:37:40,1733315860478,-5,04/12/2024 07:37:40,196386,6,questionnaire-f8mc,,41804277,BLIND,12211533,,complete,,6750931d377337fd0d89faf1,computer,Desktop or Laptop,Windows 10,Chrome 131.0.0.0,1366x768,1366x641,Headphone Check Pass,,0,Consent_Form_UNC,5,CB6,Yes,Pass,Exit,Headphone Check Pass,,,,,,,,info,,BEGIN,,,,,,,
2,1733333877309,04/12/2024 17:37:57,1733315877309,-5,04/12/2024 07:37:57,196386,6,questionnaire-f8mc,,41804277,BLIND,12211533,,complete,,6750931d377337fd0d89faf1,computer,Desktop or Laptop,Windows 10,Chrome 131.0.0.0,1366x768,1366x641,Headphone Check Pass,,0,Consent_Form_UNC,5,CB6,Yes,Pass,Exit,Headphone Check Pass,,,,Page 1,48mr17,1,"If you would like to participate in this study select ""yes"", otherwise select ""no."" ",response,value,Yes,,Yes|No,consent,2,object-4,,Yes
3,1733333877309,04/12/2024 17:37:57,1733315877309,-5,04/12/2024 07:37:57,196386,6,questionnaire-f8mc,,41804277,BLIND,12211533,,complete,,6750931d377337fd0d89faf1,computer,Desktop or Laptop,Windows 10,Chrome 131.0.0.0,1366x768,1366x641,Headphone Check Pass,,0,Consent_Form_UNC,5,CB6,Yes,Pass,Exit,Headphone Check Pass,,,,Page 1,48mr17,1,"If you would like to participate in this study select ""yes"", otherwise select ""no."" ",response,quantised,1,,Yes|No,consent,2,object-4,,Yes
4,1733333877310,04/12/2024 17:37:57,1733315877310,-5,04/12/2024 07:37:57,196386,6,questionnaire-f8mc,,41804277,BLIND,12211533,,complete,,6750931d377337fd0d89faf1,computer,Desktop or Laptop,Windows 10,Chrome 131.0.0.0,1366x768,1366x641,Headphone Check Pass,,0,Consent_Form_UNC,5,CB6,Yes,Pass,Exit,Headphone Check Pass,,,,,,,,info,,END,16757,,,,,,
1,1733335268119,04/12/2024 18:01:08,1733317268119,-5,04/12/2024 08:01:08,196386,6,questionnaire-f8mc,,41804770,BLIND,12211663,,complete,,675098c56a8200bdacc112ed,computer,Desktop or Laptop,Windows 10,Chrome 131.0.0.0,1280x720,1280x591,Headphone Check Pass,,0,Consent_Form_UNC,5,CB2,Yes,Pass,Exit,Headphone Check Pass,,,,,,,,info,,BEGIN,,,,,,,
2,1733335279011,04/12/2024 18:01:19,1733317279011,-5,04/12/2024 08:01:19,196386,6,questionnaire-f8mc,,41804770,BLIND,12211663,,complete,,675098c56a8200bdacc112ed,computer,Desktop or Laptop,Windows 10,Chrome 131.0.0.0,1280x720,1280x591,Headphone Check Pass,,0,Consent_Form_UNC,5,CB2,Yes,Pass,Exit,Headphone Check Pass,,,,Page 1,48mr17,1,"If you would like to participate in this study select ""yes"", otherwise select ""no."" ",response,value,Yes,,Yes|No,consent,2,object-4,,Yes
3,1733335279011,04/12/2024 18:01:19,1733317279011,-5,04/12/2024 08:01:19,196386,6,questionnaire-f8mc,,41804770,BLIND,12211663,,complete,,675098c56a8200bdacc112ed,computer,Desktop or Laptop,Windows 10,Chrome 131.0.0.0,1280x720,1280x591,Headphone Check Pass,,0,Consent_Form_UNC,5,CB2,Yes,Pass,Exit,Headphone Check Pass,,,,Page 1,48mr17,1,"If you would like to participate in this study select ""yes"", otherwise select ""no."" ",response,quantised,1,,Yes|No,consent,2,object-4,,Yes
4,1733335279012,04/12/2024 18:01:19,1733317279012,-5,04/12/2024 08:01:19,196386,6,questionnaire-f8mc,,41804770,BLIND,12211663,,complete,,675098c56a8200bdacc112ed,computer,Desktop or Laptop,Windows 10,Chrome 131.0.0.0,1280x720,1280x591,Headphone Check Pass,,0,Consent_Form_UNC,5,CB2,Yes,Pass,Exit,Headphone Check Pass,,,,,,,,info,,END,10772,,,,,,
1,1733335735535,04/12/2024 18:08:55,1733310535535,-7,04/12/2024 04:08:55,196386,6,questionnaire-f8mc,,41804903,BLIND,12211710,,complete,,67509aa593bbcd9afac2f4a9,computer,Desktop or Laptop,Windows 10,Firefox 133.0,1536x960,1536x798,Headphone Check Pass,,0,Consent_Form_UNC,5,CB29,Yes,Pass,Exit,Headphone Check Pass,,,,,,,,info,,BEGIN,,,,,,,
2,1733335750553,04/12/2024 18:09:10,1733310550553,-7,04/12/2024 04:09:10,196386,6,questionnaire-f8mc,,41804903,BLIND,12211710,,complete,,67509aa593bbcd9afac2f4a9,computer,Desktop or Laptop,Windows 10,Firefox 133.0,1536x960,1536x798,Headphone Check Pass,,0,Consent_Form_UNC,5,CB29,Yes,Pass,Exit,Headphone Check Pass,,,,Page 1,48mr17,1,"If you would like to participate in this study select ""yes"", otherwise select ""no."" ",response,value,Yes,,Yes|No,consent,2,object-4,,Yes
3,1733335750553,04/12/2024 18:09:10,1733310550553,-7,04/12/2024 04:09:10,196386,6,questionnaire-f8mc,,41804903,BLIND,12211710,,complete,,67509aa593bbcd9afac2f4a9,computer,Desktop or Laptop,Windows 10,Firefox 133.0,1536x960,1536x798,Headphone Check Pass,,0,Consent_Form_UNC,5,CB29,Yes,Pass,Exit,Headphone Check Pass,,,,Page 1,48mr17,1,"If you would like to participate in this study select ""yes"", otherwise select ""no."" ",response,quantised,1,,Yes|No,consent,2,object-4,,Yes
4,1733335750553,04/12/2024 18:09:10,1733310550553,-7,04/12/2024 04:09:10,196386,6,questionnaire-f8mc,,41804903,BLIND,12211710,,complete,,67509aa593bbcd9afac2f4a9,computer,Desktop or Laptop,Windows 10,Firefox 133.0,1536x960,1536x798,Headphone Check Pass,,0,Consent_Form_UNC,5,CB29,Yes,Pass,Exit,Headphone Check Pass,,,,,,,,info,,END,14998,,,,,,
1,1733337226444,04/12/2024 18:33:46,1733315626444,-6,04/12/2024 06:33:46,196386,6,questionnaire-f8mc,,41805332,BLIND,12211818,,complete,,67509fd26a8200bdacc11436,computer,Desktop or Laptop,Windows 10,Chrome 131.0.0.0,1536x960,1536x826,Headphone Check Pass,,0,Consent_Form_UNC,5,CB46,Yes,Pass,Exit,Headphone Check Pass,,,,,,,,info,,BEGIN,,,,,,,
2,1733337230968,04/12/2024 18:33:50,1733315630968,-6,04/12/2024 06:33:50,196386,6,questionnaire-f8mc,,41805332,BLIND,12211818,,complete,,67509fd26a8200bdacc11436,computer,Desktop or Laptop,Windows 10,Chrome 131.0.0.0,1536x960,1536x826,Headphone Check Pass,,0,Consent_Form_UNC,5,CB46,Yes,Pass,Exit,Headphone Check Pass,,,,Page 1,48mr17,1,"If you would like to participate in this study select ""yes"", otherwise select ""no."" ",response,value,Yes,,Yes|No,consent,2,object-4,,Yes
3,1733337230968,04/12/2024 18:33:50,1733315630968,-6,04/12/2024 06:33:50,196386,6,questionnaire-f8mc,,41805332,BLIND,12211818,,complete,,67509fd26a8200bdacc11436,computer,Desktop or Laptop,Windows 10,Chrome 131.0.0.0,1536x960,1536x826,Headphone Check Pass,,0,Consent_Form_UNC,5,CB46,Yes,Pass,Exit,Headphone Check Pass,,,,Page 1,48mr17,1,"If you would like to participate in this study select ""yes"", otherwise select ""no."" ",response,quantised,1,,Yes|No,consent,2,object-4,,Yes
4,1733337230968,04/12/2024 18:33:50,1733315630968,-6,04/12/2024 06:33:50,196386,6,questionnaire-f8mc,,41805332,BLIND,12211818,,complete,,67509fd26a8200bdacc11436,computer,Desktop or Laptop,Windows 10,Chrome 131.0.0.0,1536x960,1536x826,Headphone Check Pass,,0,Consent_Form_UNC,5,CB46,Yes,Pass,Exit,Headphone Check Pass,,,,,,,,info,,END,4502,,,,,,
1,1733340888597,04/12/2024 19:34:48,1733322888597,-5,04/12/2024 09:34:48,196386,6,questionnaire-f8mc,,41806274,BLIND,12212098,,complete,,6750ab901335f62f8c267e47,computer,Desktop or Laptop,Mac OS 10.15.7,Chrome 131.0.0.0,1366x768,1650x777,Headphone Check Pass,,0,Consent_Form_UNC,5,CB34,Yes,Pass,Pass,Headphone Check Pass,,,,,,,,info,,BEGIN,,,,,,,
2,1733340903313,04/12/2024 19:35:03,1733322903313,-5,04/12/2024 09:35:03,196386,6,questionnaire-f8mc,,41806274,BLIND,12212098,,complete,,6750ab901335f62f8c267e47,computer,Desktop or Laptop,Mac OS 10.15.7,Chrome 131.0.0.0,1366x768,1650x777,Headphone Check Pass,,0,Consent_Form_UNC,5,CB34,Yes,Pass,Pass,Headphone Check Pass,,,,Page 1,48mr17,1,"If you would like to participate in this study select ""yes"", otherwise select ""no."" ",response,value,Yes,,Yes|No,consent,2,object-4,,Yes
3,1733340903313,04/12/2024 19:35:03,1733322903313,-5,04/12/2024 09:35:03,196386,6,questionnaire-f8mc,,41806274,BLIND,12212098,,complete,,6750ab901335f62f8c267e47,computer,Desktop or Laptop,Mac OS 10.15.7,Chrome 131.0.0.0,1366x768,1650x777,Headphone Check Pass,,0,Consent_Form_UNC,5,CB34,Yes,Pass,Pass,Headphone Check Pass,,,,Page 1,48mr17,1,"If you would like to participate in this study select ""yes"", otherwise select ""no."" ",response,quantised,1,,Yes|No,consent,2,object-4,,Yes
4,1733340903313,04/12/2024 19:35:03,1733322903313,-5,04/12/2024 09:35:03,196386,6,questionnaire-f8mc,,41806274,BLIND,12212098,,complete,,6750ab901335f62f8c267e47,computer,Desktop or Laptop,Mac OS 10.15.7,Chrome 131.0.0.0,1366x768,1650x777,Headphone Check Pass,,0,Consent_Form_UNC,5,CB34,Yes,Pass,Pass,Headphone Check Pass,,,,,,,,info,,END,14669,,,,,,
1,1733341143744,04/12/2024 19:39:03,1733312343744,-8,04/12/2024 03:39:03,196386,6,questionnaire-f8mc,,41806328,BLIND,12212113,,complete,,6750aded8b2eb79e06bd77e9,computer,Desktop or Laptop,Mac OS 10.15.7,Chrome 130.0.0.0,1512x982,1512x773,Headphone Check Pass,,0,Consent_Form_UNC,5,CB20,Yes,Pass,Exit,Headphone Check Pass,,,,,,,,info,,BEGIN,,,,,,,
2,1733341712086,04/12/2024 19:48:32,1733312912086,-8,04/12/2024 03:48:32,196386,6,questionnaire-f8mc,,41806328,BLIND,12212113,,complete,,6750aded8b2eb79e06bd77e9,computer,Desktop or Laptop,Mac OS 10.15.7,Chrome 130.0.0.0,1512x982,1512x775,Headphone Check Pass,,0,Consent_Form_UNC,5,CB20,Yes,Pass,Exit,Headphone Check Pass,,,,Page 1,48mr17,1,"If you would like to participate in this study select ""yes"", otherwise select ""no."" ",response,value,Yes,,Yes|No,consent,2,object-4,,Yes
3,1733341712087,04/12/2024 19:48:32,1733312912087,-8,04/12/2024 03:48:32,196386,6,questionnaire-f8mc,,41806328,BLIND,12212113,,complete,,6750aded8b2eb79e06bd77e9,computer,Desktop or Laptop,Mac OS 10.15.7,Chrome 130.0.0.0,1512x982,1512x775,Headphone Check Pass,,0,Consent_Form_UNC,5,CB20,Yes,Pass,Exit,Headphone Check Pass,,,,Page 1,48mr17,1,"If you would like to participate in this study select ""yes"", otherwise select ""no."" ",response,quantised,1,,Yes|No,consent,2,object-4,,Yes
4,1733341712087,04/12/2024 19:48:32,1733312912087,-8,04/12/2024 03:48:32,196386,6,questionnaire-f8mc,,41806328,BLIND,12212113,,complete,,6750aded8b2eb79e06bd77e9,computer,Desktop or Laptop,Mac OS 10.15.7,Chrome 130.0.0.0,1512x982,1512x775,Headphone Check Pass,,0,Consent_Form_UNC,5,CB20,Yes,Pass,Exit,Headphone Check Pass,,,,,,,,info,,END,568316,,,,,,
1,1733341939908,04/12/2024 19:52:19,1733323939908,-5,04/12/2024 09:52:19,196386,6,questionnaire-f8mc,,41806529,BLIND,12212181,,complete,,6750b2d637410b5ea50f3bbd,computer,Desktop or Laptop,Chromium OS 14541.0.0,Chrome 126.0.0.0,1517x852,1517x684,Headphone Check Pass,,0,Consent_Form_UNC,5,CB12,Yes,Pass,Exit,Headphone Check Pass,,,,,,,,info,,BEGIN,,,,,,,
2,1733341949201,04/12/2024 19:52:29,1733323949201,-5,04/12/2024 09:52:29,196386,6,questionnaire-f8mc,,41806529,BLIND,12212181,,complete,,6750b2d637410b5ea50f3bbd,computer,Desktop or Laptop,Chromium OS 14541.0.0,Chrome 126.0.0.0,1517x852,1517x684,Headphone Check Pass,,0,Consent_Form_UNC,5,CB12,Yes,Pass,Exit,Headphone Check Pass,,,,Page 1,48mr17,1,"If you would like to participate in this study select ""yes"", otherwise select ""no."" ",response,value,Yes,,Yes|No,consent,2,object-4,,Yes
3,1733341949202,04/12/2024 19:52:29,1733323949202,-5,04/12/2024 09:52:29,196386,6,questionnaire-f8mc,,41806529,BLIND,12212181,,complete,,6750b2d637410b5ea50f3bbd,computer,Desktop or Laptop,Chromium OS 14541.0.0,Chrome 126.0.0.0,1517x852,1517x684,Headphone Check Pass,,0,Consent_Form_UNC,5,CB12,Yes,Pass,Exit,Headphone Check Pass,,,,Page 1,48mr17,1,"If you would like to participate in this study select ""yes"", otherwise select ""no."" ",response,quantised,1,,Yes|No,consent,2,object-4,,Yes
4,1733341949204,04/12/2024 19:52:29,1733323949204,-5,04/12/2024 09:52:29,196386,6,questionnaire-f8mc,,41806529,BLIND,12212181,,complete,,6750b2d637410b5ea50f3bbd,computer,Desktop or Laptop,Chromium OS 14541.0.0,Chrome 126.0.0.0,1517x852,1517x684,Headphone Check Pass,,0,Consent_Form_UNC,5,CB12,Yes,Pass,Exit,Headphone Check Pass,,,,,,,,info,,END,9160,,,,,,
1,1733342288703,04/12/2024 19:58:08,1733324288703,-5,04/12/2024 09:58:08,196386,6,questionnaire-f8mc,,41806616,BLIND,12212204,,complete,,6750b441451019ad3b9f8b26,computer,Desktop or Laptop,Mac OS 10.15.7,Chrome 131.0.0.0,1440x900,1440x788,Headphone Check Pass,,0,Consent_Form_UNC,5,CB18,Yes,Pass,Pass,Headphone Check Pass,,,,,,,,info,,BEGIN,,,,,,,
2,1733342292251,04/12/2024 19:58:12,1733324292251,-5,04/12/2024 09:58:12,196386,6,questionnaire-f8mc,,41806616,BLIND,12212204,,complete,,6750b441451019ad3b9f8b26,computer,Desktop or Laptop,Mac OS 10.15.7,Chrome 131.0.0.0,1440x900,1440x788,Headphone Check Pass,,0,Consent_Form_UNC,5,CB18,Yes,Pass,Pass,Headphone Check Pass,,,,Page 1,48mr17,1,"If you would like to participate in this study select ""yes"", otherwise select ""no."" ",response,value,Yes,,Yes|No,consent,2,object-4,,Yes
3,1733342292251,04/12/2024 19:58:12,1733324292251,-5,04/12/2024 09:58:12,196386,6,questionnaire-f8mc,,41806616,BLIND,12212204,,complete,,6750b441451019ad3b9f8b26,computer,Desktop or Laptop,Mac OS 10.15.7,Chrome 131.0.0.0,1440x900,1440x788,Headphone Check Pass,,0,Consent_Form_UNC,5,CB18,Yes,Pass,Pass,Headphone Check Pass,,,,Page 1,48mr17,1,"If you would like to participate in this study select ""yes"", otherwise select ""no."" ",response,quantised,1,,Yes|No,consent,2,object-4,,Yes
4,1733342292252,04/12/2024 19:58:12,1733324292252,-5,04/12/2024 09:58:12,196386,6,questionnaire-f8mc,,41806616,BLIND,12212204,,complete,,6750b441451019ad3b9f8b26,computer,Desktop or Laptop,Mac OS 10.15.7,Chrome 131.0.0.0,1440x900,1440x788,Headphone Check Pass,,0,Consent_Form_UNC,5,CB18,Yes,Pass,Pass,Headphone Check Pass,,,,,,,,info,,END,3506,,,,,,
1,1733342320783,04/12/2024 19:58:40,1733320720783,-6,04/12/2024 07:58:40,196386,6,questionnaire-f8mc,,41806624,BLIND,12212207,,complete,,6750b45d11471a2857c8ddb9,computer,Desktop or Laptop,Chromium OS 14541.0.0,Chrome 130.0.0.0,1366x768,1366x681,Headphone Check Pass,,0,Consent_Form_UNC,5,CB30,Yes,Pass,Exit,Headphone Check Pass,,,,,,,,info,,BEGIN,,,,,,,
2,1733342331219,04/12/2024 19:58:51,1733320731219,-6,04/12/2024 07:58:51,196386,6,questionnaire-f8mc,,41806624,BLIND,12212207,,complete,,6750b45d11471a2857c8ddb9,computer,Desktop or Laptop,Chromium OS 14541.0.0,Chrome 130.0.0.0,1366x768,1366x681,Headphone Check Pass,,0,Consent_Form_UNC,5,CB30,Yes,Pass,Exit,Headphone Check Pass,,,,Page 1,48mr17,1,"If you would like to participate in this study select ""yes"", otherwise select ""no."" ",response,value,Yes,,Yes|No,consent,2,object-4,,Yes
3,1733342331219,04/12/2024 19:58:51,1733320731219,-6,04/12/2024 07:58:51,196386,6,questionnaire-f8mc,,41806624,BLIND,12212207,,complete,,6750b45d11471a2857c8ddb9,computer,Desktop or Laptop,Chromium OS 14541.0.0,Chrome 130.0.0.0,1366x768,1366x681,Headphone Check Pass,,0,Consent_Form_UNC,5,CB30,Yes,Pass,Exit,Headphone Check Pass,,,,Page 1,48mr17,1,"If you would like to participate in this study select ""yes"", otherwise select ""no."" ",response,quantised,1,,Yes|No,consent,2,object-4,,Yes
4,1733342331220,04/12/2024 19:58:51,1733320731220,-6,04/12/2024 07:58:51,196386,6,questionnaire-f8mc,,41806624,BLIND,12212207,,complete,,6750b45d11471a2857c8ddb9,computer,Desktop or Laptop,Chromium OS 14541.0.0,Chrome 130.0.0.0,1366x768,1366x681,Headphone Check Pass,,0,Consent_Form_UNC,5,CB30,Yes,Pass,Exit,Headphone Check Pass,,,,,,,,info,,END,10381,,,,,,
1,1733343648686,04/12/2024 20:20:48,1733314848686,-8,04/12/2024 04:20:48,196386,6,questionnaire-f8mc,,41806951,BLIND,12212330,,complete,,6750b8d4cc32b64a908a0153,computer,Desktop or Laptop,Mac OS 10.15.7,Chrome 131.0.0.0,1440x900,1440x778,Headphone Check Pass,,0,Consent_Form_UNC,5,CB50,Yes,Pass,Exit,Headphone Check Pass,,,,,,,,info,,BEGIN,,,,,,,
2,1733343724915,04/12/2024 20:22:04,1733314924915,-8,04/12/2024 04:22:04,196386,6,questionnaire-f8mc,,41806951,BLIND,12212330,,complete,,6750b8d4cc32b64a908a0153,computer,Desktop or Laptop,Mac OS 10.15.7,Chrome 131.0.0.0,1440x900,1440x778,Headphone Check Pass,,0,Consent_Form_UNC,5,CB50,Yes,Pass,Exit,Headphone Check Pass,,,,Page 1,48mr17,1,"If you would like to participate in this study select ""yes"", otherwise select ""no."" ",response,value,Yes,,Yes|No,consent,2,object-4,,Yes
3,1733343724915,04/12/2024 20:22:04,1733314924915,-8,04/12/2024 04:22:04,196386,6,questionnaire-f8mc,,41806951,BLIND,12212330,,complete,,6750b8d4cc32b64a908a0153,computer,Desktop or Laptop,Mac OS 10.15.7,Chrome 131.0.0.0,1440x900,1440x778,Headphone Check Pass,,0,Consent_Form_UNC,5,CB50,Yes,Pass,Exit,Headphone Check Pass,,,,Page 1,48mr17,1,"If you would like to participate in this study select ""yes"", otherwise select ""no."" ",response,quantised,1,,Yes|No,consent,2,object-4,,Yes
4,1733343724915,04/12/2024 20:22:04,1733314924915,-8,04/12/2024 04:22:04,196386,6,questionnaire-f8mc,,41806951,BLIND,12212330,,complete,,6750b8d4cc32b64a908a0153,computer,Desktop or Laptop,Mac OS 10.15.7,Chrome 131.0.0.0,1440x900,1440x778,Headphone Check Pass,,0,Consent_Form_UNC,5,CB50,Yes,Pass,Exit,Headphone Check Pass,,,,,,,,info,,END,76191,,,,,,
1,1733344238113,04/12/2024 20:30:38,1733322638113,-6,04/12/2024 08:30:38,196386,6,questionnaire-f8mc,,41807148,BLIND,12212388,,complete,,6750bbcf4fe0be9edf40f17c,computer,Desktop or Laptop,Mac OS 10.15.7,Chrome 126.0.0.0,1470x956,1470x799,Headphone Check Pass,,0,Consent_Form_UNC,5,CB21,Yes,Pass,Exit,Headphone Check Pass,,,,,,,,info,,BEGIN,,,,,,,
2,1733344257154,04/12/2024 20:30:57,1733322657154,-6,04/12/2024 08:30:57,196386,6,questionnaire-f8mc,,41807148,BLIND,12212388,,complete,,6750bbcf4fe0be9edf40f17c,computer,Desktop or Laptop,Mac OS 10.15.7,Chrome 126.0.0.0,1470x956,1470x799,Headphone Check Pass,,0,Consent_Form_UNC,5,CB21,Yes,Pass,Exit,Headphone Check Pass,,,,Page 1,48mr17,1,"If you would like to participate in this study select ""yes"", otherwise select ""no."" ",response,value,Yes,,Yes|No,consent,2,object-4,,Yes
3,1733344257154,04/12/2024 20:30:57,1733322657154,-6,04/12/2024 08:30:57,196386,6,questionnaire-f8mc,,41807148,BLIND,12212388,,complete,,6750bbcf4fe0be9edf40f17c,computer,Desktop or Laptop,Mac OS 10.15.7,Chrome 126.0.0.0,1470x956,1470x799,Headphone Check Pass,,0,Consent_Form_UNC,5,CB21,Yes,Pass,Exit,Headphone Check Pass,,,,Page 1,48mr17,1,"If you would like to participate in this study select ""yes"", otherwise select ""no."" ",response,quantised,1,,Yes|No,consent,2,object-4,,Yes
4,1733344257155,04/12/2024 20:30:57,1733322657155,-6,04/12/2024 08:30:57,196386,6,questionnaire-f8mc,,41807148,BLIND,12212388,,complete,,6750bbcf4fe0be9edf40f17c,computer,Desktop or Laptop,Mac OS 10.15.7,Chrome 126.0.0.0,1470x956,1470x799,Headphone Check Pass,,0,Consent_Form_UNC,5,CB21,Yes,Pass,Exit,Headphone Check Pass,,,,,,,,info,,END,19024,,,,,,
1,1733347413506,04/12/2024 21:23:33,1733325813506,-6,04/12/2024 09:23:33,196386,6,questionnaire-f8mc,,41807906,BLIND,12212654,,complete,,6750c757bf7519bb7a3bbf23,computer,Desktop or Laptop,Windows 10,Firefox 133.0,1920x1080,1920x965,Headphone Check Pass,,0,Consent_Form_UNC,5,CB4,Yes,Pass,Exit,Headphone Check Pass,,,,,,,,info,,BEGIN,,,,,,,
2,1733347468428,04/12/2024 21:24:28,1733325868428,-6,04/12/2024 09:24:28,196386,6,questionnaire-f8mc,,41807906,BLIND,12212654,,complete,,6750c757bf7519bb7a3bbf23,computer,Desktop or Laptop,Windows 10,Firefox 133.0,1920x1080,1920x965,Headphone Check Pass,,0,Consent_Form_UNC,5,CB4,Yes,Pass,Exit,Headphone Check Pass,,,,Page 1,48mr17,1,"If you would like to participate in this study select ""yes"", otherwise select ""no."" ",response,value,Yes,,Yes|No,consent,2,object-4,,Yes
3,1733347468428,04/12/2024 21:24:28,1733325868428,-6,04/12/2024 09:24:28,196386,6,questionnaire-f8mc,,41807906,BLIND,12212654,,complete,,6750c757bf7519bb7a3bbf23,computer,Desktop or Laptop,Windows 10,Firefox 133.0,1920x1080,1920x965,Headphone Check Pass,,0,Consent_Form_UNC,5,CB4,Yes,Pass,Exit,Headphone Check Pass,,,,Page 1,48mr17,1,"If you would like to participate in this study select ""yes"", otherwise select ""no."" ",response,quantised,1,,Yes|No,consent,2,object-4,,Yes
4,1733347468429,04/12/2024 21:24:28,1733325868429,-6,04/12/2024 09:24:28,196386,6,questionnaire-f8mc,,41807906,BLIND,12212654,,complete,,6750c757bf7519bb7a3bbf23,computer,Desktop or Laptop,Windows 10,Firefox 133.0,1920x1080,1920x965,Headphone Check Pass,,0,Consent_Form_UNC,5,CB4,Yes,Pass,Exit,Headphone Check Pass,,,,,,,,info,,END,54897,,,,,,
1,1733348021153,04/12/2024 21:33:41,1733330021153,-5,04/12/2024 11:33:41,196386,6,questionnaire-f8mc,,41808096,BLIND,12212716,,complete,,6750caa2cd7a94febe0f8405,computer,Desktop or Laptop,Windows 10,Chrome 131.0.0.0,2560x1440,2560x1317,Headphone Check Pass,,0,Consent_Form_UNC,5,CB39,Yes,Pass,Pass,Headphone Check Pass,,,,,,,,info,,BEGIN,,,,,,,
2,1733348024472,04/12/2024 21:33:44,1733330024472,-5,04/12/2024 11:33:44,196386,6,questionnaire-f8mc,,41808096,BLIND,12212716,,complete,,6750caa2cd7a94febe0f8405,computer,Desktop or Laptop,Windows 10,Chrome 131.0.0.0,2560x1440,2560x1317,Headphone Check Pass,,0,Consent_Form_UNC,5,CB39,Yes,Pass,Pass,Headphone Check Pass,,,,Page 1,48mr17,1,"If you would like to participate in this study select ""yes"", otherwise select ""no."" ",response,value,Yes,,Yes|No,consent,2,object-4,,Yes
3,1733348024472,04/12/2024 21:33:44,1733330024472,-5,04/12/2024 11:33:44,196386,6,questionnaire-f8mc,,41808096,BLIND,12212716,,complete,,6750caa2cd7a94febe0f8405,computer,Desktop or Laptop,Windows 10,Chrome 131.0.0.0,2560x1440,2560x1317,Headphone Check Pass,,0,Consent_Form_UNC,5,CB39,Yes,Pass,Pass,Headphone Check Pass,,,,Page 1,48mr17,1,"If you would like to participate in this study select ""yes"", otherwise select ""no."" ",response,quantised,1,,Yes|No,consent,2,object-4,,Yes
4,1733348024472,04/12/2024 21:33:44,1733330024472,-5,04/12/2024 11:33:44,196386,6,questionnaire-f8mc,,41808096,BLIND,12212716,,complete,,6750caa2cd7a94febe0f8405,computer,Desktop or Laptop,Windows 10,Chrome 131.0.0.0,2560x1440,2560x1317,Headphone Check Pass,,0,Consent_Form_UNC,5,CB39,Yes,Pass,Pass,Headphone Check Pass,,,,,,,,info,,END,3303,,,,,,
1,1733348191032,04/12/2024 21:36:31,1733322991032,-7,04/12/2024 07:36:31,196386,6,questionnaire-f8mc,,41808114,BLIND,12212723,,complete,,6750cada7fa475ab041c1552,computer,Desktop or Laptop,Windows 10,Chrome 109.0.0.0,1366x768,1366x657,Headphone Check Pass,,0,Consent_Form_UNC,5,CB32,Yes,Pass,Pass,Headphone Check Pass,,,,,,,,info,,BEGIN,,,,,,,
2,1733348199077,04/12/2024 21:36:39,1733322999077,-7,04/12/2024 07:36:39,196386,6,questionnaire-f8mc,,41808114,BLIND,12212723,,complete,,6750cada7fa475ab041c1552,computer,Desktop or Laptop,Windows 10,Chrome 109.0.0.0,1366x768,1366x657,Headphone Check Pass,,0,Consent_Form_UNC,5,CB32,Yes,Pass,Pass,Headphone Check Pass,,,,Page 1,48mr17,1,"If you would like to participate in this study select ""yes"", otherwise select ""no."" ",response,value,Yes,,Yes|No,consent,2,object-4,,Yes
3,1733348199077,04/12/2024 21:36:39,1733322999077,-7,04/12/2024 07:36:39,196386,6,questionnaire-f8mc,,41808114,BLIND,12212723,,complete,,6750cada7fa475ab041c1552,computer,Desktop or Laptop,Windows 10,Chrome 109.0.0.0,1366x768,1366x657,Headphone Check Pass,,0,Consent_Form_UNC,5,CB32,Yes,Pass,Pass,Headphone Check Pass,,,,Page 1,48mr17,1,"If you would like to participate in this study select ""yes"", otherwise select ""no."" ",response,quantised,1,,Yes|No,consent,2,object-4,,Yes
4,1733348199077,04/12/2024 21:36:39,1733322999077,-7,04/12/2024 07:36:39,196386,6,questionnaire-f8mc,,41808114,BLIND,12212723,,complete,,6750cada7fa475ab041c1552,computer,Desktop or Laptop,Windows 10,Chrome 109.0.0.0,1366x768,1366x657,Headphone Check Pass,,0,Consent_Form_UNC,5,CB32,Yes,Pass,Pass,Headphone Check Pass,,,,,,,,info,,END,7979,,,,,,
1,1733349365677,04/12/2024 21:56:05,1733327765677,-6,04/12/2024 09:56:05,196386,6,questionnaire-f8mc,,41808358,BLIND,12212808,,complete,,6750cf7ab4d948370d2b65af,computer,Desktop or Laptop,Mac OS 10.15.7,Chrome 131.0.0.0,1792x1120,1792x889,Headphone Check Pass,,0,Consent_Form_UNC,5,CB40,Yes,Pass,Pass,Headphone Check Pass,,,,,,,,info,,BEGIN,,,,,,,
2,1733349400063,04/12/2024 21:56:40,1733327800063,-6,04/12/2024 09:56:40,196386,6,questionnaire-f8mc,,41808358,BLIND,12212808,,complete,,6750cf7ab4d948370d2b65af,computer,Desktop or Laptop,Mac OS 10.15.7,Chrome 131.0.0.0,1792x1120,1792x889,Headphone Check Pass,,0,Consent_Form_UNC,5,CB40,Yes,Pass,Pass,Headphone Check Pass,,,,Page 1,48mr17,1,"If you would like to participate in this study select ""yes"", otherwise select ""no."" ",response,value,Yes,,Yes|No,consent,2,object-4,,Yes
3,1733349400063,04/12/2024 21:56:40,1733327800063,-6,04/12/2024 09:56:40,196386,6,questionnaire-f8mc,,41808358,BLIND,12212808,,complete,,6750cf7ab4d948370d2b65af,computer,Desktop or Laptop,Mac OS 10.15.7,Chrome 131.0.0.0,1792x1120,1792x889,Headphone Check Pass,,0,Consent_Form_UNC,5,CB40,Yes,Pass,Pass,Headphone Check Pass,,,,Page 1,48mr17,1,"If you would like to participate in this study select ""yes"", otherwise select ""no."" ",response,quantised,1,,Yes|No,consent,2,object-4,,Yes
4,1733349400063,04/12/2024 21:56:40,1733327800063,-6,04/12/2024 09:56:40,196386,6,questionnaire-f8mc,,41808358,BLIND,12212808,,complete,,6750cf7ab4d948370d2b65af,computer,Desktop or Laptop,Mac OS 10.15.7,Chrome 131.0.0.0,1792x1120,1792x889,Headphone Check Pass,,0,Consent_Form_UNC,5,CB40,Yes,Pass,Pass,Headphone Check Pass,,,,,,,,info,,END,34355,,,,,,
1,1733351404663,04/12/2024 22:30:04,1733333404663,-5,04/12/2024 12:30:04,196386,6,questionnaire-f8mc,,41809024,BLIND,12213038,,complete,,6750d7b88b2eb79e06bd7f89,computer,Desktop or Laptop,Windows 10,Chrome 131.0.0.0,1280x800,1280x665,Headphone Check Pass,,0,Consent_Form_UNC,5,CB42,Yes,Pass,Exit,Headphone Check Pass,,,,,,,,info,,BEGIN,,,,,,,
2,1733351415997,04/12/2024 22:30:15,1733333415997,-5,04/12/2024 12:30:15,196386,6,questionnaire-f8mc,,41809024,BLIND,12213038,,complete,,6750d7b88b2eb79e06bd7f89,computer,Desktop or Laptop,Windows 10,Chrome 131.0.0.0,1280x800,1280x665,Headphone Check Pass,,0,Consent_Form_UNC,5,CB42,Yes,Pass,Exit,Headphone Check Pass,,,,Page 1,48mr17,1,"If you would like to participate in this study select ""yes"", otherwise select ""no."" ",response,value,Yes,,Yes|No,consent,2,object-4,,Yes
3,1733351415998,04/12/2024 22:30:15,1733333415998,-5,04/12/2024 12:30:15,196386,6,questionnaire-f8mc,,41809024,BLIND,12213038,,complete,,6750d7b88b2eb79e06bd7f89,computer,Desktop or Laptop,Windows 10,Chrome 131.0.0.0,1280x800,1280x665,Headphone Check Pass,,0,Consent_Form_UNC,5,CB42,Yes,Pass,Exit,Headphone Check Pass,,,,Page 1,48mr17,1,"If you would like to participate in this study select ""yes"", otherwise select ""no."" ",response,quantised,1,,Yes|No,consent,2,object-4,,Yes
4,1733351415998,04/12/2024 22:30:15,1733333415998,-5,04/12/2024 12:30:15,196386,6,questionnaire-f8mc,,41809024,BLIND,12213038,,complete,,6750d7b88b2eb79e06bd7f89,computer,Desktop or Laptop,Windows 10,Chrome 131.0.0.0,1280x800,1280x665,Headphone Check Pass,,0,Consent_Form_UNC,5,CB42,Yes,Pass,Exit,Headphone Check Pass,,,,,,,,info,,END,11299,,,,,,
1,1733352900835,04/12/2024 22:55:00,1733334900835,-5,04/12/2024 12:55:00,196386,6,questionnaire-f8mc,,41809549,BLIND,12213162,,complete,,6750dda2f6502b223f24193b,computer,Desktop or Laptop,Mac OS 10.15.7,Chrome 129.0.0.0,1512x982,1512x823,Headphone Check Pass,,0,Consent_Form_UNC,5,CB17,Yes,Pass,Pass,Headphone Check Pass,,,,,,,,info,,BEGIN,,,,,,,
2,1733352903412,04/12/2024 22:55:03,1733334903412,-5,04/12/2024 12:55:03,196386,6,questionnaire-f8mc,,41809549,BLIND,12213162,,complete,,6750dda2f6502b223f24193b,computer,Desktop or Laptop,Mac OS 10.15.7,Chrome 129.0.0.0,1512x982,1512x823,Headphone Check Pass,,0,Consent_Form_UNC,5,CB17,Yes,Pass,Pass,Headphone Check Pass,,,,Page 1,48mr17,1,"If you would like to participate in this study select ""yes"", otherwise select ""no."" ",response,value,Yes,,Yes|No,consent,2,object-4,,Yes
3,1733352903412,04/12/2024 22:55:03,1733334903412,-5,04/12/2024 12:55:03,196386,6,questionnaire-f8mc,,41809549,BLIND,12213162,,complete,,6750dda2f6502b223f24193b,computer,Desktop or Laptop,Mac OS 10.15.7,Chrome 129.0.0.0,1512x982,1512x823,Headphone Check Pass,,0,Consent_Form_UNC,5,CB17,Yes,Pass,Pass,Headphone Check Pass,,,,Page 1,48mr17,1,"If you would like to participate in this study select ""yes"", otherwise select ""no."" ",response,quantised,1,,Yes|No,consent,2,object-4,,Yes
4,1733352903412,04/12/2024 22:55:03,1733334903412,-5,04/12/2024 12:55:03,196386,6,questionnaire-f8mc,,41809549,BLIND,12213162,,complete,,6750dda2f6502b223f24193b,computer,Desktop or Laptop,Mac OS 10.15.7,Chrome 129.0.0.0,1512x982,1512x823,Headphone Check Pass,,0,Consent_Form_UNC,5,CB17,Yes,Pass,Pass,Headphone Check Pass,,,,,,,,info,,END,2550,,,,,,
1,1733355576239,04/12/2024 23:39:36,1733326776239,-8,04/12/2024 07:39:36,196386,6,questionnaire-f8mc,,41810101,BLIND,12213324,,complete,,6750e81d2bf1fec18ef0b09d,computer,Desktop or Laptop,Windows 10,Chrome 131.0.0.0,1280x800,1280x665,Headphone Check Pass,,0,Consent_Form_UNC,5,CB14,Yes,Pass,Exit,Headphone Check Pass,,,,,,,,info,,BEGIN,,,,,,,
2,1733355584593,04/12/2024 23:39:44,1733326784593,-8,04/12/2024 07:39:44,196386,6,questionnaire-f8mc,,41810101,BLIND,12213324,,complete,,6750e81d2bf1fec18ef0b09d,computer,Desktop or Laptop,Windows 10,Chrome 131.0.0.0,1280x800,1280x665,Headphone Check Pass,,0,Consent_Form_UNC,5,CB14,Yes,Pass,Exit,Headphone Check Pass,,,,Page 1,48mr17,1,"If you would like to participate in this study select ""yes"", otherwise select ""no."" ",response,value,Yes,,Yes|No,consent,2,object-4,,Yes
3,1733355584593,04/12/2024 23:39:44,1733326784593,-8,04/12/2024 07:39:44,196386,6,questionnaire-f8mc,,41810101,BLIND,12213324,,complete,,6750e81d2bf1fec18ef0b09d,computer,Desktop or Laptop,Windows 10,Chrome 131.0.0.0,1280x800,1280x665,Headphone Check Pass,,0,Consent_Form_UNC,5,CB14,Yes,Pass,Exit,Headphone Check Pass,,,,Page 1,48mr17,1,"If you would like to participate in this study select ""yes"", otherwise select ""no."" ",response,quantised,1,,Yes|No,consent,2,object-4,,Yes
4,1733355584593,04/12/2024 23:39:44,1733326784593,-8,04/12/2024 07:39:44,196386,6,questionnaire-f8mc,,41810101,BLIND,12213324,,complete,,6750e81d2bf1fec18ef0b09d,computer,Desktop or Laptop,Windows 10,Chrome 131.0.0.0,1280x800,1280x665,Headphone Check Pass,,0,Consent_Form_UNC,5,CB14,Yes,Pass,Exit,Headphone Check Pass,,,,,,,,info,,END,8322,,,,,,
1,1733358144154,05/12/2024 00:22:24,1733340144154,-5,04/12/2024 14:22:24,196386,6,questionnaire-f8mc,,41810581,BLIND,12213496,,complete,,6750f22e45a031eded4eaa9d,computer,Desktop or Laptop,Windows 10,Chrome 131.0.0.0,1366x768,1366x633,Headphone Check Pass,,0,Consent_Form_UNC,5,CB47,Yes,Pass,Pass,Headphone Check Pass,,,,,,,,info,,BEGIN,,,,,,,
2,1733358690015,05/12/2024 00:31:30,1733340690015,-5,04/12/2024 14:31:30,196386,6,questionnaire-f8mc,,41810581,BLIND,12213496,,complete,,6750f22e45a031eded4eaa9d,computer,Desktop or Laptop,Windows 10,Chrome 131.0.0.0,1366x768,1366x633,Headphone Check Pass,,0,Consent_Form_UNC,5,CB47,Yes,Pass,Pass,Headphone Check Pass,,,,Page 1,48mr17,1,"If you would like to participate in this study select ""yes"", otherwise select ""no."" ",response,value,Yes,,Yes|No,consent,2,object-4,,Yes
3,1733358690015,05/12/2024 00:31:30,1733340690015,-5,04/12/2024 14:31:30,196386,6,questionnaire-f8mc,,41810581,BLIND,12213496,,complete,,6750f22e45a031eded4eaa9d,computer,Desktop or Laptop,Windows 10,Chrome 131.0.0.0,1366x768,1366x633,Headphone Check Pass,,0,Consent_Form_UNC,5,CB47,Yes,Pass,Pass,Headphone Check Pass,,,,Page 1,48mr17,1,"If you would like to participate in this study select ""yes"", otherwise select ""no."" ",response,quantised,1,,Yes|No,consent,2,object-4,,Yes
4,1733358690016,05/12/2024 00:31:30,1733340690016,-5,04/12/2024 14:31:30,196386,6,questionnaire-f8mc,,41810581,BLIND,12213496,,complete,,6750f22e45a031eded4eaa9d,computer,Desktop or Laptop,Windows 10,Chrome 131.0.0.0,1366x768,1366x633,Headphone Check Pass,,0,Consent_Form_UNC,5,CB47,Yes,Pass,Pass,Headphone Check Pass,,,,,,,,info,,END,545840,,,,,,
1,1733359458017,05/12/2024 00:44:18,1733337858017,-6,04/12/2024 12:44:18,196386,6,questionnaire-f8mc,,41810708,BLIND,12213593,,complete,,6750f4a454ab6197fce060a5,computer,Desktop or Laptop,Windows 10,Chrome 131.0.0.0,2560x1440,2560x1317,Headphone Check Pass,,0,Consent_Form_UNC,5,CB8,Yes,Pass,Exit,Headphone Check Pass,,,,,,,,info,,BEGIN,,,,,,,
2,1733359461559,05/12/2024 00:44:21,1733337861559,-6,04/12/2024 12:44:21,196386,6,questionnaire-f8mc,,41810708,BLIND,12213593,,complete,,6750f4a454ab6197fce060a5,computer,Desktop or Laptop,Windows 10,Chrome 131.0.0.0,2560x1440,2560x1317,Headphone Check Pass,,0,Consent_Form_UNC,5,CB8,Yes,Pass,Exit,Headphone Check Pass,,,,Page 1,48mr17,1,"If you would like to participate in this study select ""yes"", otherwise select ""no."" ",response,value,Yes,,Yes|No,consent,2,object-4,,Yes
3,1733359461559,05/12/2024 00:44:21,1733337861559,-6,04/12/2024 12:44:21,196386,6,questionnaire-f8mc,,41810708,BLIND,12213593,,complete,,6750f4a454ab6197fce060a5,computer,Desktop or Laptop,Windows 10,Chrome 131.0.0.0,2560x1440,2560x1317,Headphone Check Pass,,0,Consent_Form_UNC,5,CB8,Yes,Pass,Exit,Headphone Check Pass,,,,Page 1,48mr17,1,"If you would like to participate in this study select ""yes"", otherwise select ""no."" ",response,quantised,1,,Yes|No,consent,2,object-4,,Yes
4,1733359461559,05/12/2024 00:44:21,1733337861559,-6,04/12/2024 12:44:21,196386,6,questionnaire-f8mc,,41810708,BLIND,12213593,,complete,,6750f4a454ab6197fce060a5,computer,Desktop or Laptop,Windows 10,Chrome 131.0.0.0,2560x1440,2560x1317,Headphone Check Pass,,0,Consent_Form_UNC,5,CB8,Yes,Pass,Exit,Headphone Check Pass,,,,,,,,info,,END,3519,,,,,,
1,1733362011320,05/12/2024 01:26:51,1733336811320,-7,04/12/2024 11:26:51,196386,6,questionnaire-f8mc,,41810932,BLIND,12213685,,complete,,6750fe2f0eeb520d4da8375a,computer,Desktop or Laptop,Windows 10,Chrome 131.0.0.0,1920x1080,1920x945,Headphone Check Pass,,0,Consent_Form_UNC,5,CB44,Yes,Pass,Pass,Headphone Check Pass,,,,,,,,info,,BEGIN,,,,,,,
2,1733362040388,05/12/2024 01:27:20,1733336840388,-7,04/12/2024 11:27:20,196386,6,questionnaire-f8mc,,41810932,BLIND,12213685,,complete,,6750fe2f0eeb520d4da8375a,computer,Desktop or Laptop,Windows 10,Chrome 131.0.0.0,1920x1080,1920x945,Headphone Check Pass,,0,Consent_Form_UNC,5,CB44,Yes,Pass,Pass,Headphone Check Pass,,,,Page 1,48mr17,1,"If you would like to participate in this study select ""yes"", otherwise select ""no."" ",response,value,Yes,,Yes|No,consent,2,object-4,,Yes
3,1733362040388,05/12/2024 01:27:20,1733336840388,-7,04/12/2024 11:27:20,196386,6,questionnaire-f8mc,,41810932,BLIND,12213685,,complete,,6750fe2f0eeb520d4da8375a,computer,Desktop or Laptop,Windows 10,Chrome 131.0.0.0,1920x1080,1920x945,Headphone Check Pass,,0,Consent_Form_UNC,5,CB44,Yes,Pass,Pass,Headphone Check Pass,,,,Page 1,48mr17,1,"If you would like to participate in this study select ""yes"", otherwise select ""no."" ",response,quantised,1,,Yes|No,consent,2,object-4,,Yes
4,1733362040388,05/12/2024 01:27:20,1733336840388,-7,04/12/2024 11:27:20,196386,6,questionnaire-f8mc,,41810932,BLIND,12213685,,complete,,6750fe2f0eeb520d4da8375a,computer,Desktop or Laptop,Windows 10,Chrome 131.0.0.0,1920x1080,1920x945,Headphone Check Pass,,0,Consent_Form_UNC,5,CB44,Yes,Pass,Pass,Headphone Check Pass,,,,,,,,info,,END,29048,,,,,,
1,1733363793793,05/12/2024 01:56:33,1733342193793,-6,04/12/2024 13:56:33,196386,6,questionnaire-f8mc,,41811131,BLIND,12213754,,complete,,6751071a100df8606b967f48,computer,Desktop or Laptop,Chromium OS 14541.0.0,Chrome 130.0.0.0,1536x960,1536x791,Headphone Check Pass,,0,Consent_Form_UNC,5,CB36,Yes,Pass,Pass,Headphone Check Pass,,,,,,,,info,,BEGIN,,,,,,,
2,1733363807753,05/12/2024 01:56:47,1733342207753,-6,04/12/2024 13:56:47,196386,6,questionnaire-f8mc,,41811131,BLIND,12213754,,complete,,6751071a100df8606b967f48,computer,Desktop or Laptop,Chromium OS 14541.0.0,Chrome 130.0.0.0,1536x960,1536x791,Headphone Check Pass,,0,Consent_Form_UNC,5,CB36,Yes,Pass,Pass,Headphone Check Pass,,,,Page 1,48mr17,1,"If you would like to participate in this study select ""yes"", otherwise select ""no."" ",response,value,Yes,,Yes|No,consent,2,object-4,,Yes
3,1733363807754,05/12/2024 01:56:47,1733342207754,-6,04/12/2024 13:56:47,196386,6,questionnaire-f8mc,,41811131,BLIND,12213754,,complete,,6751071a100df8606b967f48,computer,Desktop or Laptop,Chromium OS 14541.0.0,Chrome 130.0.0.0,1536x960,1536x791,Headphone Check Pass,,0,Consent_Form_UNC,5,CB36,Yes,Pass,Pass,Headphone Check Pass,,,,Page 1,48mr17,1,"If you would like to participate in this study select ""yes"", otherwise select ""no."" ",response,quantised,1,,Yes|No,consent,2,object-4,,Yes
4,1733363807754,05/12/2024 01:56:47,1733342207754,-6,04/12/2024 13:56:47,196386,6,questionnaire-f8mc,,41811131,BLIND,12213754,,complete,,6751071a100df8606b967f48,computer,Desktop or Laptop,Chromium OS 14541.0.0,Chrome 130.0.0.0,1536x960,1536x791,Headphone Check Pass,,0,Consent_Form_UNC,5,CB36,Yes,Pass,Pass,Headphone Check Pass,,,,,,,,info,,END,13916,,,,,,
1,1733365061898,05/12/2024 02:17:41,1733347061898,-5,04/12/2024 16:17:41,196386,6,questionnaire-f8mc,,41811221,BLIND,12213794,,complete,,67510bb61f335841404db6f4,computer,Desktop or Laptop,Windows 10,Firefox 133.0,1707x960,1706x873,Headphone Check Pass,,0,Consent_Form_UNC,5,CB26,Yes,Pass,Exit,Headphone Check Pass,,,,,,,,info,,BEGIN,,,,,,,
2,1733365269782,05/12/2024 02:21:09,1733347269782,-5,04/12/2024 16:21:09,196386,6,questionnaire-f8mc,,41811221,BLIND,12213794,,complete,,67510bb61f335841404db6f4,computer,Desktop or Laptop,Windows 10,Firefox 133.0,1707x960,1706x873,Headphone Check Pass,,0,Consent_Form_UNC,5,CB26,Yes,Pass,Exit,Headphone Check Pass,,,,Page 1,48mr17,1,"If you would like to participate in this study select ""yes"", otherwise select ""no."" ",response,value,Yes,,Yes|No,consent,2,object-4,,Yes
3,1733365269782,05/12/2024 02:21:09,1733347269782,-5,04/12/2024 16:21:09,196386,6,questionnaire-f8mc,,41811221,BLIND,12213794,,complete,,67510bb61f335841404db6f4,computer,Desktop or Laptop,Windows 10,Firefox 133.0,1707x960,1706x873,Headphone Check Pass,,0,Consent_Form_UNC,5,CB26,Yes,Pass,Exit,Headphone Check Pass,,,,Page 1,48mr17,1,"If you would like to participate in this study select ""yes"", otherwise select ""no."" ",response,quantised,1,,Yes|No,consent,2,object-4,,Yes
4,1733365269782,05/12/2024 02:21:09,1733347269782,-5,04/12/2024 16:21:09,196386,6,questionnaire-f8mc,,41811221,BLIND,12213794,,complete,,67510bb61f335841404db6f4,computer,Desktop or Laptop,Windows 10,Firefox 133.0,1707x960,1706x873,Headphone Check Pass,,0,Consent_Form_UNC,5,CB26,Yes,Pass,Exit,Headphone Check Pass,,,,,,,,info,,END,207866,,,,,,
1,1733365917262,05/12/2024 02:31:57,1733337117262,-8,04/12/2024 10:31:57,196386,6,questionnaire-f8mc,,41811279,BLIND,12213826,,complete,,67510f881f335841404db7a5,computer,Desktop or Laptop,Chromium OS 14541.0.0,Chrome 130.0.0.0,1092x613,1092x613,Headphone Check Pass,,0,Consent_Form_UNC,5,CB7,Yes,Pass,Exit,Headphone Check Pass,,,,,,,,info,,BEGIN,,,,,,,
2,1733365922038,05/12/2024 02:32:02,1733337122038,-8,04/12/2024 10:32:02,196386,6,questionnaire-f8mc,,41811279,BLIND,12213826,,complete,,67510f881f335841404db7a5,computer,Desktop or Laptop,Chromium OS 14541.0.0,Chrome 130.0.0.0,1092x613,1092x613,Headphone Check Pass,,0,Consent_Form_UNC,5,CB7,Yes,Pass,Exit,Headphone Check Pass,,,,Page 1,48mr17,1,"If you would like to participate in this study select ""yes"", otherwise select ""no."" ",response,value,Yes,,Yes|No,consent,2,object-4,,Yes
3,1733365922038,05/12/2024 02:32:02,1733337122038,-8,04/12/2024 10:32:02,196386,6,questionnaire-f8mc,,41811279,BLIND,12213826,,complete,,67510f881f335841404db7a5,computer,Desktop or Laptop,Chromium OS 14541.0.0,Chrome 130.0.0.0,1092x613,1092x613,Headphone Check Pass,,0,Consent_Form_UNC,5,CB7,Yes,Pass,Exit,Headphone Check Pass,,,,Page 1,48mr17,1,"If you would like to participate in this study select ""yes"", otherwise select ""no."" ",response,quantised,1,,Yes|No,consent,2,object-4,,Yes
4,1733365922039,05/12/2024 02:32:02,1733337122039,-8,04/12/2024 10:32:02,196386,6,questionnaire-f8mc,,41811279,BLIND,12213826,,complete,,67510f881f335841404db7a5,computer,Desktop or Laptop,Chromium OS 14541.0.0,Chrome 130.0.0.0,1092x613,1092x613,Headphone Check Pass,,0,Consent_Form_UNC,5,CB7,Yes,Pass,Exit,Headphone Check Pass,,,,,,,,info,,END,4715,,,,,,
1,1733368636085,05/12/2024 03:17:16,1733350636085,-5,04/12/2024 17:17:16,196386,6,questionnaire-f8mc,,41811422,BLIND,12213892,,complete,,67511adaf9d2820532323cf0,computer,Desktop or Laptop,Windows 10,Chrome 131.0.0.0,1920x1080,1920x911,Headphone Check Pass,,0,Consent_Form_UNC,5,CB11,Yes,Pass,Pass,Headphone Check Pass,,,,,,,,info,,BEGIN,,,,,,,
2,1733368650022,05/12/2024 03:17:30,1733350650022,-5,04/12/2024 17:17:30,196386,6,questionnaire-f8mc,,41811422,BLIND,12213892,,complete,,67511adaf9d2820532323cf0,computer,Desktop or Laptop,Windows 10,Chrome 131.0.0.0,1920x1080,1920x911,Headphone Check Pass,,0,Consent_Form_UNC,5,CB11,Yes,Pass,Pass,Headphone Check Pass,,,,Page 1,48mr17,1,"If you would like to participate in this study select ""yes"", otherwise select ""no."" ",response,value,Yes,,Yes|No,consent,2,object-4,,Yes
3,1733368650022,05/12/2024 03:17:30,1733350650022,-5,04/12/2024 17:17:30,196386,6,questionnaire-f8mc,,41811422,BLIND,12213892,,complete,,67511adaf9d2820532323cf0,computer,Desktop or Laptop,Windows 10,Chrome 131.0.0.0,1920x1080,1920x911,Headphone Check Pass,,0,Consent_Form_UNC,5,CB11,Yes,Pass,Pass,Headphone Check Pass,,,,Page 1,48mr17,1,"If you would like to participate in this study select ""yes"", otherwise select ""no."" ",response,quantised,1,,Yes|No,consent,2,object-4,,Yes
4,1733368650023,05/12/2024 03:17:30,1733350650023,-5,04/12/2024 17:17:30,196386,6,questionnaire-f8mc,,41811422,BLIND,12213892,,complete,,67511adaf9d2820532323cf0,computer,Desktop or Laptop,Windows 10,Chrome 131.0.0.0,1920x1080,1920x911,Headphone Check Pass,,0,Consent_Form_UNC,5,CB11,Yes,Pass,Pass,Headphone Check Pass,,,,,,,,info,,END,13877,,,,,,
1,1733371201481,05/12/2024 04:00:01,1733353201481,-5,04/12/2024 18:00:01,196386,6,questionnaire-f8mc,,41811529,BLIND,12213965,,complete,,6751252f8bb6cc4aa9fe72a0,computer,Desktop or Laptop,Mac OS 10.15.7,Chrome 128.0.0.0,1440x900,1440x812,Headphone Check Pass,,0,Consent_Form_UNC,5,CB19,Yes,Pass,Exit,Headphone Check Pass,,,,,,,,info,,BEGIN,,,,,,,
2,1733371205333,05/12/2024 04:00:05,1733353205333,-5,04/12/2024 18:00:05,196386,6,questionnaire-f8mc,,41811529,BLIND,12213965,,complete,,6751252f8bb6cc4aa9fe72a0,computer,Desktop or Laptop,Mac OS 10.15.7,Chrome 128.0.0.0,1440x900,1440x812,Headphone Check Pass,,0,Consent_Form_UNC,5,CB19,Yes,Pass,Exit,Headphone Check Pass,,,,Page 1,48mr17,1,"If you would like to participate in this study select ""yes"", otherwise select ""no."" ",response,value,Yes,,Yes|No,consent,2,object-4,,Yes
3,1733371205334,05/12/2024 04:00:05,1733353205334,-5,04/12/2024 18:00:05,196386,6,questionnaire-f8mc,,41811529,BLIND,12213965,,complete,,6751252f8bb6cc4aa9fe72a0,computer,Desktop or Laptop,Mac OS 10.15.7,Chrome 128.0.0.0,1440x900,1440x812,Headphone Check Pass,,0,Consent_Form_UNC,5,CB19,Yes,Pass,Exit,Headphone Check Pass,,,,Page 1,48mr17,1,"If you would like to participate in this study select ""yes"", otherwise select ""no."" ",response,quantised,1,,Yes|No,consent,2,object-4,,Yes
4,1733371205334,05/12/2024 04:00:05,1733353205334,-5,04/12/2024 18:00:05,196386,6,questionnaire-f8mc,,41811529,BLIND,12213965,,complete,,6751252f8bb6cc4aa9fe72a0,computer,Desktop or Laptop,Mac OS 10.15.7,Chrome 128.0.0.0,1440x900,1440x812,Headphone Check Pass,,0,Consent_Form_UNC,5,CB19,Yes,Pass,Exit,Headphone Check Pass,,,,,,,,info,,END,3805,,,,,,
1,1733377375197,05/12/2024 05:42:55,1733359375197,-5,04/12/2024 19:42:55,196386,6,questionnaire-f8mc,,41812133,BLIND,12214172,,complete,,67513d2e815812835fc9ee69,computer,Desktop or Laptop,Windows 10,Chrome 131.0.0.0,1536x864,1536x695,Headphone Check Pass,,0,Consent_Form_UNC,5,CB38,Yes,Pass,Pass,Headphone Check Pass,,,,,,,,info,,BEGIN,,,,,,,
2,1733377385194,05/12/2024 05:43:05,1733359385194,-5,04/12/2024 19:43:05,196386,6,questionnaire-f8mc,,41812133,BLIND,12214172,,complete,,67513d2e815812835fc9ee69,computer,Desktop or Laptop,Windows 10,Chrome 131.0.0.0,1536x864,1536x695,Headphone Check Pass,,0,Consent_Form_UNC,5,CB38,Yes,Pass,Pass,Headphone Check Pass,,,,Page 1,48mr17,1,"If you would like to participate in this study select ""yes"", otherwise select ""no."" ",response,value,Yes,,Yes|No,consent,2,object-4,,Yes
3,1733377385194,05/12/2024 05:43:05,1733359385194,-5,04/12/2024 19:43:05,196386,6,questionnaire-f8mc,,41812133,BLIND,12214172,,complete,,67513d2e815812835fc9ee69,computer,Desktop or Laptop,Windows 10,Chrome 131.0.0.0,1536x864,1536x695,Headphone Check Pass,,0,Consent_Form_UNC,5,CB38,Yes,Pass,Pass,Headphone Check Pass,,,,Page 1,48mr17,1,"If you would like to participate in this study select ""yes"", otherwise select ""no."" ",response,quantised,1,,Yes|No,consent,2,object-4,,Yes
4,1733377385194,05/12/2024 05:43:05,1733359385194,-5,04/12/2024 19:43:05,196386,6,questionnaire-f8mc,,41812133,BLIND,12214172,,complete,,67513d2e815812835fc9ee69,computer,Desktop or Laptop,Windows 10,Chrome 131.0.0.0,1536x864,1536x695,Headphone Check Pass,,0,Consent_Form_UNC,5,CB38,Yes,Pass,Pass,Headphone Check Pass,,,,,,,,info,,END,9966,,,,,,
1,1733382171774,05/12/2024 07:02:51,1733360571774,-6,04/12/2024 19:02:51,196386,6,questionnaire-f8mc,,41812795,BLIND,12214281,,complete,,67514faa16ca093e95c8a89b,computer,Desktop or Laptop,Windows 10,Chrome 131.0.0.0,1366x768,1366x633,Headphone Check Pass,,0,Consent_Form_UNC,5,CB13,Yes,Pass,Pass,Headphone Check Pass,,,,,,,,info,,BEGIN,,,,,,,
2,1733382185718,05/12/2024 07:03:05,1733360585718,-6,04/12/2024 19:03:05,196386,6,questionnaire-f8mc,,41812795,BLIND,12214281,,complete,,67514faa16ca093e95c8a89b,computer,Desktop or Laptop,Windows 10,Chrome 131.0.0.0,1366x768,1366x633,Headphone Check Pass,,0,Consent_Form_UNC,5,CB13,Yes,Pass,Pass,Headphone Check Pass,,,,Page 1,48mr17,1,"If you would like to participate in this study select ""yes"", otherwise select ""no."" ",response,value,Yes,,Yes|No,consent,2,object-4,,Yes
3,1733382185719,05/12/2024 07:03:05,1733360585719,-6,04/12/2024 19:03:05,196386,6,questionnaire-f8mc,,41812795,BLIND,12214281,,complete,,67514faa16ca093e95c8a89b,computer,Desktop or Laptop,Windows 10,Chrome 131.0.0.0,1366x768,1366x633,Headphone Check Pass,,0,Consent_Form_UNC,5,CB13,Yes,Pass,Pass,Headphone Check Pass,,,,Page 1,48mr17,1,"If you would like to participate in this study select ""yes"", otherwise select ""no."" ",response,quantised,1,,Yes|No,consent,2,object-4,,Yes
4,1733382185719,05/12/2024 07:03:05,1733360585719,-6,04/12/2024 19:03:05,196386,6,questionnaire-f8mc,,41812795,BLIND,12214281,,complete,,67514faa16ca093e95c8a89b,computer,Desktop or Laptop,Windows 10,Chrome 131.0.0.0,1366x768,1366x633,Headphone Check Pass,,0,Consent_Form_UNC,5,CB13,Yes,Pass,Pass,Headphone Check Pass,,,,,,,,info,,END,13894,,,,,,
1,1733339159498,04/12/2024 19:05:59,1733310359498,-8,04/12/2024 03:05:59,196386,6,questionnaire-f8mc,,41805867,BLIND,12211956,,complete,,6750a7850f3de27fa94de17c,computer,Desktop or Laptop,Chromium OS 14541.0.0,Chrome 130.0.0.0,1080x675,1080x554,Headphone Check Pass,,0,Consent_Form_UNC,5,CB23,Yes,Pass,Pass,Headphone Check Pass,,,,,,,,info,,BEGIN,,,,,,,
2,1733339163236,04/12/2024 19:06:03,1733310363236,-8,04/12/2024 03:06:03,196386,6,questionnaire-f8mc,,41805867,BLIND,12211956,,complete,,6750a7850f3de27fa94de17c,computer,Desktop or Laptop,Chromium OS 14541.0.0,Chrome 130.0.0.0,1080x675,1080x554,Headphone Check Pass,,0,Consent_Form_UNC,5,CB23,Yes,Pass,Pass,Headphone Check Pass,,,,Page 1,48mr17,1,"If you would like to participate in this study select ""yes"", otherwise select ""no."" ",response,value,Yes,,Yes|No,consent,2,object-4,,Yes
3,1733339163237,04/12/2024 19:06:03,1733310363237,-8,04/12/2024 03:06:03,196386,6,questionnaire-f8mc,,41805867,BLIND,12211956,,complete,,6750a7850f3de27fa94de17c,computer,Desktop or Laptop,Chromium OS 14541.0.0,Chrome 130.0.0.0,1080x675,1080x554,Headphone Check Pass,,0,Consent_Form_UNC,5,CB23,Yes,Pass,Pass,Headphone Check Pass,,,,Page 1,48mr17,1,"If you would like to participate in this study select ""yes"", otherwise select ""no."" ",response,quantised,1,,Yes|No,consent,2,object-4,,Yes
4,1733339163239,04/12/2024 19:06:03,1733310363239,-8,04/12/2024 03:06:03,196386,6,questionnaire-f8mc,,41805867,BLIND,12211956,,complete,,6750a7850f3de27fa94de17c,computer,Desktop or Laptop,Chromium OS 14541.0.0,Chrome 130.0.0.0,1080x675,1080x554,Headphone Check Pass,,0,Consent_Form_UNC,5,CB23,Yes,Pass,Pass,Headphone Check Pass,,,,,,,,info,,END,3526,,,,,,
1,1733332580654,04/12/2024 17:16:20,1733314580654,-5,04/12/2024 07:16:20,196386,6,questionnaire-f8mc,,41803486,BLIND,12211353,,complete,,67508d7733172978a5b577ea,computer,Desktop or Laptop,Mac OS 10.15.7,Chrome 131.0.0.0,1361x1180,1353x1176,Headphone Check Pass,,0,Consent_Form_UNC,5,CB41,Yes,Pass,Pass,Headphone Check Pass,,,,,,,,info,,BEGIN,,,,,,,
2,1733332586469,04/12/2024 17:16:26,1733314586469,-5,04/12/2024 07:16:26,196386,6,questionnaire-f8mc,,41803486,BLIND,12211353,,complete,,67508d7733172978a5b577ea,computer,Desktop or Laptop,Mac OS 10.15.7,Chrome 131.0.0.0,1361x1180,1353x1176,Headphone Check Pass,,0,Consent_Form_UNC,5,CB41,Yes,Pass,Pass,Headphone Check Pass,,,,Page 1,48mr17,1,"If you would like to participate in this study select ""yes"", otherwise select ""no."" ",response,value,Yes,,Yes|No,consent,2,object-4,,Yes
3,1733332586470,04/12/2024 17:16:26,1733314586470,-5,04/12/2024 07:16:26,196386,6,questionnaire-f8mc,,41803486,BLIND,12211353,,complete,,67508d7733172978a5b577ea,computer,Desktop or Laptop,Mac OS 10.15.7,Chrome 131.0.0.0,1361x1180,1353x1176,Headphone Check Pass,,0,Consent_Form_UNC,5,CB41,Yes,Pass,Pass,Headphone Check Pass,,,,Page 1,48mr17,1,"If you would like to participate in this study select ""yes"", otherwise select ""no."" ",response,quantised,1,,Yes|No,consent,2,object-4,,Yes
4,1733332586470,04/12/2024 17:16:26,1733314586470,-5,04/12/2024 07:16:26,196386,6,questionnaire-f8mc,,41803486,BLIND,12211353,,complete,,67508d7733172978a5b577ea,computer,Desktop or Laptop,Mac OS 10.15.7,Chrome 131.0.0.0,1361x1180,1353x1176,Headphone Check Pass,,0,Consent_Form_UNC,5,CB41,Yes,Pass,Pass,Headphone Check Pass,,,,,,,,info,,END,5784,,,,,,
1,1733371312708,05/12/2024 04:01:52,1733342512708,-8,04/12/2024 12:01:52,196386,6,questionnaire-f8mc,,41811536,BLIND,12213971,,complete,,67512422d737a760c8fefaf2,computer,Desktop or Laptop,Windows 10,Chrome 131.0.0.0,1280x720,1280x559,Headphone Check Pass,,0,Consent_Form_UNC,5,B49,Yes,Pass,Pass,Headphone Check Pass,,,,,,,,info,,BEGIN,,,,,,,
2,1733371348076,05/12/2024 04:02:28,1733342548076,-8,04/12/2024 12:02:28,196386,6,questionnaire-f8mc,,41811536,BLIND,12213971,,complete,,67512422d737a760c8fefaf2,computer,Desktop or Laptop,Windows 10,Chrome 131.0.0.0,1280x720,1280x559,Headphone Check Pass,,0,Consent_Form_UNC,5,B49,Yes,Pass,Pass,Headphone Check Pass,,,,Page 1,48mr17,1,"If you would like to participate in this study select ""yes"", otherwise select ""no."" ",response,value,Yes,,Yes|No,consent,2,object-4,,Yes
3,1733371348076,05/12/2024 04:02:28,1733342548076,-8,04/12/2024 12:02:28,196386,6,questionnaire-f8mc,,41811536,BLIND,12213971,,complete,,67512422d737a760c8fefaf2,computer,Desktop or Laptop,Windows 10,Chrome 131.0.0.0,1280x720,1280x559,Headphone Check Pass,,0,Consent_Form_UNC,5,B49,Yes,Pass,Pass,Headphone Check Pass,,,,Page 1,48mr17,1,"If you would like to participate in this study select ""yes"", otherwise select ""no."" ",response,quantised,1,,Yes|No,consent,2,object-4,,Yes
4,1733371348076,05/12/2024 04:02:28,1733342548076,-8,04/12/2024 12:02:28,196386,6,questionnaire-f8mc,,41811536,BLIND,12213971,,complete,,67512422d737a760c8fefaf2,computer,Desktop or Laptop,Windows 10,Chrome 131.0.0.0,1280x720,1280x559,Headphone Check Pass,,0,Consent_Form_UNC,5,B49,Yes,Pass,Pass,Headphone Check Pass,,,,,,,,info,,END,35346,,,,,,
END OF FILE
