Event Index,UTC Timestamp,UTC Date and Time,Local Timestamp,Local Timezone,Local Date and Time,Experiment ID,Experiment Version,Tree Node Key,Repeat Key,Schedule ID,Participant Public ID,Participant Private ID,Participant Starting Group,Participant Status,Participant Completion Code,Participant External Session ID,Participant Device Type,Participant Device,Participant OS,Participant Browser,Participant Monitor Size,Participant Viewport Size,Checkpoint,Room ID,Room Order,Task Name,Task Version,counterbalance-2nfr,branch-i39d,branch-gwtr,branch-9h9t,checkpoint-o7ee,checkpoint-6s7s,branch-ktz5,branch-hxbs,Randomise questionnaire elements?,Question Key,Response
1,1733331484660,04/12/2024 16:58:04,1733331484555,-5,04/12/2024 11:58:04,196386,6,questionnaire-3956,,41803043,BLIND,12210934,,complete,,675081c82242713ea5e42dc2,computer,Desktop or Laptop,Mac OS 10.15.7,Chrome 131.0.0.0,1680x1050,1680x962,Headphone Check Pass,,,Demographic Questionnaire,5,CB22,Yes,Pass,Pass,Headphone Check Pass,,,,No,BEGIN QUESTIONNAIRE,
2,1733331514956,04/12/2024 16:58:34,1733331514868,-5,04/12/2024 11:58:34,196386,6,questionnaire-3956,,41803043,BLIND,12210934,,complete,,675081c82242713ea5e42dc2,computer,Desktop or Laptop,Mac OS 10.15.7,Chrome 131.0.0.0,1680x1050,1680x962,Headphone Check Pass,,,Demographic Questionnaire,5,CB22,Yes,Pass,Pass,Headphone Check Pass,,,,No,response-1,23
3,1733331515105,04/12/2024 16:58:35,1733331514869,-5,04/12/2024 11:58:34,196386,6,questionnaire-3956,,41803043,BLIND,12210934,,complete,,675081c82242713ea5e42dc2,computer,Desktop or Laptop,Mac OS 10.15.7,Chrome 131.0.0.0,1680x1050,1680x962,Headphone Check Pass,,,Demographic Questionnaire,5,CB22,Yes,Pass,Pass,Headphone Check Pass,,,,No,response-2,Female
4,1733331515105,04/12/2024 16:58:35,1733331514869,-5,04/12/2024 11:58:34,196386,6,questionnaire-3956,,41803043,BLIND,12210934,,complete,,675081c82242713ea5e42dc2,computer,Desktop or Laptop,Mac OS 10.15.7,Chrome 131.0.0.0,1680x1050,1680x962,Headphone Check Pass,,,Demographic Questionnaire,5,CB22,Yes,Pass,Pass,Headphone Check Pass,,,,No,response-2-quantised,2
5,1733331515105,04/12/2024 16:58:35,1733331514869,-5,04/12/2024 11:58:34,196386,6,questionnaire-3956,,41803043,BLIND,12210934,,complete,,675081c82242713ea5e42dc2,computer,Desktop or Laptop,Mac OS 10.15.7,Chrome 131.0.0.0,1680x1050,1680x962,Headphone Check Pass,,,Demographic Questionnaire,5,CB22,Yes,Pass,Pass,Headphone Check Pass,,,,No,response-3,New England
6,1733331515105,04/12/2024 16:58:35,1733331514869,-5,04/12/2024 11:58:34,196386,6,questionnaire-3956,,41803043,BLIND,12210934,,complete,,675081c82242713ea5e42dc2,computer,Desktop or Laptop,Mac OS 10.15.7,Chrome 131.0.0.0,1680x1050,1680x962,Headphone Check Pass,,,Demographic Questionnaire,5,CB22,Yes,Pass,Pass,Headphone Check Pass,,,,No,response-3-quantised,1
7,1733331515105,04/12/2024 16:58:35,1733331514869,-5,04/12/2024 11:58:34,196386,6,questionnaire-3956,,41803043,BLIND,12210934,,complete,,675081c82242713ea5e42dc2,computer,Desktop or Laptop,Mac OS 10.15.7,Chrome 131.0.0.0,1680x1050,1680x962,Headphone Check Pass,,,Demographic Questionnaire,5,CB22,Yes,Pass,Pass,Headphone Check Pass,,,,No,response-3-text,
8,1733331515105,04/12/2024 16:58:35,1733331514869,-5,04/12/2024 11:58:34,196386,6,questionnaire-3956,,41803043,BLIND,12210934,,complete,,675081c82242713ea5e42dc2,computer,Desktop or Laptop,Mac OS 10.15.7,Chrome 131.0.0.0,1680x1050,1680x962,Headphone Check Pass,,,Demographic Questionnaire,5,CB22,Yes,Pass,Pass,Headphone Check Pass,,,,No,response-4,Not Hispanic or Latino
9,1733331515105,04/12/2024 16:58:35,1733331514869,-5,04/12/2024 11:58:34,196386,6,questionnaire-3956,,41803043,BLIND,12210934,,complete,,675081c82242713ea5e42dc2,computer,Desktop or Laptop,Mac OS 10.15.7,Chrome 131.0.0.0,1680x1050,1680x962,Headphone Check Pass,,,Demographic Questionnaire,5,CB22,Yes,Pass,Pass,Headphone Check Pass,,,,No,response-4-quantised,2
10,1733331515105,04/12/2024 16:58:35,1733331514869,-5,04/12/2024 11:58:34,196386,6,questionnaire-3956,,41803043,BLIND,12210934,,complete,,675081c82242713ea5e42dc2,computer,Desktop or Laptop,Mac OS 10.15.7,Chrome 131.0.0.0,1680x1050,1680x962,Headphone Check Pass,,,Demographic Questionnaire,5,CB22,Yes,Pass,Pass,Headphone Check Pass,,,,No,response-5-4,Black or African American
11,1733331515105,04/12/2024 16:58:35,1733331514870,-5,04/12/2024 11:58:34,196386,6,questionnaire-3956,,41803043,BLIND,12210934,,complete,,675081c82242713ea5e42dc2,computer,Desktop or Laptop,Mac OS 10.15.7,Chrome 131.0.0.0,1680x1050,1680x962,Headphone Check Pass,,,Demographic Questionnaire,5,CB22,Yes,Pass,Pass,Headphone Check Pass,,,,No,response-6,5
12,1733331515105,04/12/2024 16:58:35,1733331514870,-5,04/12/2024 11:58:34,196386,6,questionnaire-3956,,41803043,BLIND,12210934,,complete,,675081c82242713ea5e42dc2,computer,Desktop or Laptop,Mac OS 10.15.7,Chrome 131.0.0.0,1680x1050,1680x962,Headphone Check Pass,,,Demographic Questionnaire,5,CB22,Yes,Pass,Pass,Headphone Check Pass,,,,No,response-7,4
13,1733331515105,04/12/2024 16:58:35,1733331514870,-5,04/12/2024 11:58:34,196386,6,questionnaire-3956,,41803043,BLIND,12210934,,complete,,675081c82242713ea5e42dc2,computer,Desktop or Laptop,Mac OS 10.15.7,Chrome 131.0.0.0,1680x1050,1680x962,Headphone Check Pass,,,Demographic Questionnaire,5,CB22,Yes,Pass,Pass,Headphone Check Pass,,,,No,response-8,20%
14,1733331515105,04/12/2024 16:58:35,1733331514870,-5,04/12/2024 11:58:34,196386,6,questionnaire-3956,,41803043,BLIND,12210934,,complete,,675081c82242713ea5e42dc2,computer,Desktop or Laptop,Mac OS 10.15.7,Chrome 131.0.0.0,1680x1050,1680x962,Headphone Check Pass,,,Demographic Questionnaire,5,CB22,Yes,Pass,Pass,Headphone Check Pass,,,,No,response-8-quantised,3
15,1733331515105,04/12/2024 16:58:35,1733331514870,-5,04/12/2024 11:58:34,196386,6,questionnaire-3956,,41803043,BLIND,12210934,,complete,,675081c82242713ea5e42dc2,computer,Desktop or Laptop,Mac OS 10.15.7,Chrome 131.0.0.0,1680x1050,1680x962,Headphone Check Pass,,,Demographic Questionnaire,5,CB22,Yes,Pass,Pass,Headphone Check Pass,,,,No,END QUESTIONNAIRE,30315
1,1733332727740,04/12/2024 17:18:47,1733332727550,-6,04/12/2024 11:18:47,196386,6,questionnaire-3956,,41803551,BLIND,12210955,,complete,,675080f36a99effe7eb97fac,computer,Desktop or Laptop,Windows 10,Chrome 131.0.0.0,1366x768,1366x641,Headphone Check Pass,,,Demographic Questionnaire,5,CB27,Yes,Pass,Pass,Headphone Check Pass,,,,No,BEGIN QUESTIONNAIRE,
2,1733332788573,04/12/2024 17:19:48,1733332788424,-6,04/12/2024 11:19:48,196386,6,questionnaire-3956,,41803551,BLIND,12210955,,complete,,675080f36a99effe7eb97fac,computer,Desktop or Laptop,Windows 10,Chrome 131.0.0.0,1366x768,1349x641,Headphone Check Pass,,,Demographic Questionnaire,5,CB27,Yes,Pass,Pass,Headphone Check Pass,,,,No,response-1,25
3,1733332788742,04/12/2024 17:19:48,1733332788428,-6,04/12/2024 11:19:48,196386,6,questionnaire-3956,,41803551,BLIND,12210955,,complete,,675080f36a99effe7eb97fac,computer,Desktop or Laptop,Windows 10,Chrome 131.0.0.0,1366x768,1349x641,Headphone Check Pass,,,Demographic Questionnaire,5,CB27,Yes,Pass,Pass,Headphone Check Pass,,,,No,response-2,Male
4,1733332788742,04/12/2024 17:19:48,1733332788428,-6,04/12/2024 11:19:48,196386,6,questionnaire-3956,,41803551,BLIND,12210955,,complete,,675080f36a99effe7eb97fac,computer,Desktop or Laptop,Windows 10,Chrome 131.0.0.0,1366x768,1349x641,Headphone Check Pass,,,Demographic Questionnaire,5,CB27,Yes,Pass,Pass,Headphone Check Pass,,,,No,response-2-quantised,1
5,1733332788742,04/12/2024 17:19:48,1733332788429,-6,04/12/2024 11:19:48,196386,6,questionnaire-3956,,41803551,BLIND,12210955,,complete,,675080f36a99effe7eb97fac,computer,Desktop or Laptop,Windows 10,Chrome 131.0.0.0,1366x768,1349x641,Headphone Check Pass,,,Demographic Questionnaire,5,CB27,Yes,Pass,Pass,Headphone Check Pass,,,,No,response-3,Southern
6,1733332788742,04/12/2024 17:19:48,1733332788429,-6,04/12/2024 11:19:48,196386,6,questionnaire-3956,,41803551,BLIND,12210955,,complete,,675080f36a99effe7eb97fac,computer,Desktop or Laptop,Windows 10,Chrome 131.0.0.0,1366x768,1349x641,Headphone Check Pass,,,Demographic Questionnaire,5,CB27,Yes,Pass,Pass,Headphone Check Pass,,,,No,response-3-quantised,2
7,1733332788742,04/12/2024 17:19:48,1733332788430,-6,04/12/2024 11:19:48,196386,6,questionnaire-3956,,41803551,BLIND,12210955,,complete,,675080f36a99effe7eb97fac,computer,Desktop or Laptop,Windows 10,Chrome 131.0.0.0,1366x768,1349x641,Headphone Check Pass,,,Demographic Questionnaire,5,CB27,Yes,Pass,Pass,Headphone Check Pass,,,,No,response-3-text,
8,1733332788742,04/12/2024 17:19:48,1733332788431,-6,04/12/2024 11:19:48,196386,6,questionnaire-3956,,41803551,BLIND,12210955,,complete,,675080f36a99effe7eb97fac,computer,Desktop or Laptop,Windows 10,Chrome 131.0.0.0,1366x768,1349x641,Headphone Check Pass,,,Demographic Questionnaire,5,CB27,Yes,Pass,Pass,Headphone Check Pass,,,,No,response-4,Not Hispanic or Latino
9,1733332788742,04/12/2024 17:19:48,1733332788431,-6,04/12/2024 11:19:48,196386,6,questionnaire-3956,,41803551,BLIND,12210955,,complete,,675080f36a99effe7eb97fac,computer,Desktop or Laptop,Windows 10,Chrome 131.0.0.0,1366x768,1349x641,Headphone Check Pass,,,Demographic Questionnaire,5,CB27,Yes,Pass,Pass,Headphone Check Pass,,,,No,response-4-quantised,2
10,1733332788742,04/12/2024 17:19:48,1733332788431,-6,04/12/2024 11:19:48,196386,6,questionnaire-3956,,41803551,BLIND,12210955,,complete,,675080f36a99effe7eb97fac,computer,Desktop or Laptop,Windows 10,Chrome 131.0.0.0,1366x768,1349x641,Headphone Check Pass,,,Demographic Questionnaire,5,CB27,Yes,Pass,Pass,Headphone Check Pass,,,,No,response-5-5,White
11,1733332788742,04/12/2024 17:19:48,1733332788432,-6,04/12/2024 11:19:48,196386,6,questionnaire-3956,,41803551,BLIND,12210955,,complete,,675080f36a99effe7eb97fac,computer,Desktop or Laptop,Windows 10,Chrome 131.0.0.0,1366x768,1349x641,Headphone Check Pass,,,Demographic Questionnaire,5,CB27,Yes,Pass,Pass,Headphone Check Pass,,,,No,response-6,4
12,1733332788742,04/12/2024 17:19:48,1733332788432,-6,04/12/2024 11:19:48,196386,6,questionnaire-3956,,41803551,BLIND,12210955,,complete,,675080f36a99effe7eb97fac,computer,Desktop or Laptop,Windows 10,Chrome 131.0.0.0,1366x768,1349x641,Headphone Check Pass,,,Demographic Questionnaire,5,CB27,Yes,Pass,Pass,Headphone Check Pass,,,,No,response-7,21
13,1733332788742,04/12/2024 17:19:48,1733332788433,-6,04/12/2024 11:19:48,196386,6,questionnaire-3956,,41803551,BLIND,12210955,,complete,,675080f36a99effe7eb97fac,computer,Desktop or Laptop,Windows 10,Chrome 131.0.0.0,1366x768,1349x641,Headphone Check Pass,,,Demographic Questionnaire,5,CB27,Yes,Pass,Pass,Headphone Check Pass,,,,No,response-8,50%
14,1733332788742,04/12/2024 17:19:48,1733332788433,-6,04/12/2024 11:19:48,196386,6,questionnaire-3956,,41803551,BLIND,12210955,,complete,,675080f36a99effe7eb97fac,computer,Desktop or Laptop,Windows 10,Chrome 131.0.0.0,1366x768,1349x641,Headphone Check Pass,,,Demographic Questionnaire,5,CB27,Yes,Pass,Pass,Headphone Check Pass,,,,No,response-8-quantised,6
15,1733332788742,04/12/2024 17:19:48,1733332788434,-6,04/12/2024 11:19:48,196386,6,questionnaire-3956,,41803551,BLIND,12210955,,complete,,675080f36a99effe7eb97fac,computer,Desktop or Laptop,Windows 10,Chrome 131.0.0.0,1366x768,1349x641,Headphone Check Pass,,,Demographic Questionnaire,5,CB27,Yes,Pass,Pass,Headphone Check Pass,,,,No,END QUESTIONNAIRE,60884
1,1733333880197,04/12/2024 17:38:00,1733333880025,-5,04/12/2024 12:38:00,196386,6,questionnaire-3956,,41804292,BLIND,12211290,,complete,,67508c105b0cd3b859d67591,computer,Desktop or Laptop,Mac OS 10.15,Firefox 133.0,1512x982,1512x861,Headphone Check Pass,,,Demographic Questionnaire,5,CB25,Yes,Pass,Pass,Headphone Check Pass,,,,No,BEGIN QUESTIONNAIRE,
2,1733333912346,04/12/2024 17:38:32,1733333912251,-5,04/12/2024 12:38:32,196386,6,questionnaire-3956,,41804292,BLIND,12211290,,complete,,67508c105b0cd3b859d67591,computer,Desktop or Laptop,Mac OS 10.15,Firefox 133.0,1512x982,1512x861,Headphone Check Pass,,,Demographic Questionnaire,5,CB25,Yes,Pass,Pass,Headphone Check Pass,,,,No,response-1,31
3,1733333912505,04/12/2024 17:38:32,1733333912251,-5,04/12/2024 12:38:32,196386,6,questionnaire-3956,,41804292,BLIND,12211290,,complete,,67508c105b0cd3b859d67591,computer,Desktop or Laptop,Mac OS 10.15,Firefox 133.0,1512x982,1512x861,Headphone Check Pass,,,Demographic Questionnaire,5,CB25,Yes,Pass,Pass,Headphone Check Pass,,,,No,response-2,Male
4,1733333912505,04/12/2024 17:38:32,1733333912251,-5,04/12/2024 12:38:32,196386,6,questionnaire-3956,,41804292,BLIND,12211290,,complete,,67508c105b0cd3b859d67591,computer,Desktop or Laptop,Mac OS 10.15,Firefox 133.0,1512x982,1512x861,Headphone Check Pass,,,Demographic Questionnaire,5,CB25,Yes,Pass,Pass,Headphone Check Pass,,,,No,response-2-quantised,1
5,1733333912505,04/12/2024 17:38:32,1733333912252,-5,04/12/2024 12:38:32,196386,6,questionnaire-3956,,41804292,BLIND,12211290,,complete,,67508c105b0cd3b859d67591,computer,Desktop or Laptop,Mac OS 10.15,Firefox 133.0,1512x982,1512x861,Headphone Check Pass,,,Demographic Questionnaire,5,CB25,Yes,Pass,Pass,Headphone Check Pass,,,,No,response-3,Other (please specify)
6,1733333912505,04/12/2024 17:38:32,1733333912252,-5,04/12/2024 12:38:32,196386,6,questionnaire-3956,,41804292,BLIND,12211290,,complete,,67508c105b0cd3b859d67591,computer,Desktop or Laptop,Mac OS 10.15,Firefox 133.0,1512x982,1512x861,Headphone Check Pass,,,Demographic Questionnaire,5,CB25,Yes,Pass,Pass,Headphone Check Pass,,,,No,response-3-text,Miami
7,1733333912505,04/12/2024 17:38:32,1733333912252,-5,04/12/2024 12:38:32,196386,6,questionnaire-3956,,41804292,BLIND,12211290,,complete,,67508c105b0cd3b859d67591,computer,Desktop or Laptop,Mac OS 10.15,Firefox 133.0,1512x982,1512x861,Headphone Check Pass,,,Demographic Questionnaire,5,CB25,Yes,Pass,Pass,Headphone Check Pass,,,,No,response-4,Hispanic or Latino
8,1733333912505,04/12/2024 17:38:32,1733333912252,-5,04/12/2024 12:38:32,196386,6,questionnaire-3956,,41804292,BLIND,12211290,,complete,,67508c105b0cd3b859d67591,computer,Desktop or Laptop,Mac OS 10.15,Firefox 133.0,1512x982,1512x861,Headphone Check Pass,,,Demographic Questionnaire,5,CB25,Yes,Pass,Pass,Headphone Check Pass,,,,No,response-4-quantised,1
9,1733333912505,04/12/2024 17:38:32,1733333912252,-5,04/12/2024 12:38:32,196386,6,questionnaire-3956,,41804292,BLIND,12211290,,complete,,67508c105b0cd3b859d67591,computer,Desktop or Laptop,Mac OS 10.15,Firefox 133.0,1512x982,1512x861,Headphone Check Pass,,,Demographic Questionnaire,5,CB25,Yes,Pass,Pass,Headphone Check Pass,,,,No,response-5-5,White
10,1733333912505,04/12/2024 17:38:32,1733333912252,-5,04/12/2024 12:38:32,196386,6,questionnaire-3956,,41804292,BLIND,12211290,,complete,,67508c105b0cd3b859d67591,computer,Desktop or Laptop,Mac OS 10.15,Firefox 133.0,1512x982,1512x861,Headphone Check Pass,,,Demographic Questionnaire,5,CB25,Yes,Pass,Pass,Headphone Check Pass,,,,No,response-6,1
11,1733333912505,04/12/2024 17:38:32,1733333912252,-5,04/12/2024 12:38:32,196386,6,questionnaire-3956,,41804292,BLIND,12211290,,complete,,67508c105b0cd3b859d67591,computer,Desktop or Laptop,Mac OS 10.15,Firefox 133.0,1512x982,1512x861,Headphone Check Pass,,,Demographic Questionnaire,5,CB25,Yes,Pass,Pass,Headphone Check Pass,,,,No,response-7,31
12,1733333912505,04/12/2024 17:38:32,1733333912252,-5,04/12/2024 12:38:32,196386,6,questionnaire-3956,,41804292,BLIND,12211290,,complete,,67508c105b0cd3b859d67591,computer,Desktop or Laptop,Mac OS 10.15,Firefox 133.0,1512x982,1512x861,Headphone Check Pass,,,Demographic Questionnaire,5,CB25,Yes,Pass,Pass,Headphone Check Pass,,,,No,response-8,50%
13,1733333912505,04/12/2024 17:38:32,1733333912252,-5,04/12/2024 12:38:32,196386,6,questionnaire-3956,,41804292,BLIND,12211290,,complete,,67508c105b0cd3b859d67591,computer,Desktop or Laptop,Mac OS 10.15,Firefox 133.0,1512x982,1512x861,Headphone Check Pass,,,Demographic Questionnaire,5,CB25,Yes,Pass,Pass,Headphone Check Pass,,,,No,response-8-quantised,6
14,1733333912505,04/12/2024 17:38:32,1733333912252,-5,04/12/2024 12:38:32,196386,6,questionnaire-3956,,41804292,BLIND,12211290,,complete,,67508c105b0cd3b859d67591,computer,Desktop or Laptop,Mac OS 10.15,Firefox 133.0,1512x982,1512x861,Headphone Check Pass,,,Demographic Questionnaire,5,CB25,Yes,Pass,Pass,Headphone Check Pass,,,,No,END QUESTIONNAIRE,32227
1,1733334822810,04/12/2024 17:53:42,1733334822662,-5,04/12/2024 12:53:42,196386,6,questionnaire-3956,,41804642,BLIND,12211353,,complete,,67508d7733172978a5b577ea,computer,Desktop or Laptop,Mac OS 10.15.7,Chrome 131.0.0.0,3008x1692,1353x1176,Headphone Check Pass,,,Demographic Questionnaire,5,CB41,Yes,Pass,Pass,Headphone Check Pass,,,,No,BEGIN QUESTIONNAIRE,
2,1733334884692,04/12/2024 17:54:44,1733334884573,-5,04/12/2024 12:54:44,196386,6,questionnaire-3956,,41804642,BLIND,12211353,,complete,,67508d7733172978a5b577ea,computer,Desktop or Laptop,Mac OS 10.15.7,Chrome 131.0.0.0,3008x1692,1353x1176,Headphone Check Pass,,,Demographic Questionnaire,5,CB41,Yes,Pass,Pass,Headphone Check Pass,,,,No,response-1,33
3,1733334884806,04/12/2024 17:54:44,1733334884574,-5,04/12/2024 12:54:44,196386,6,questionnaire-3956,,41804642,BLIND,12211353,,complete,,67508d7733172978a5b577ea,computer,Desktop or Laptop,Mac OS 10.15.7,Chrome 131.0.0.0,3008x1692,1353x1176,Headphone Check Pass,,,Demographic Questionnaire,5,CB41,Yes,Pass,Pass,Headphone Check Pass,,,,No,response-2,Male
4,1733334884806,04/12/2024 17:54:44,1733334884574,-5,04/12/2024 12:54:44,196386,6,questionnaire-3956,,41804642,BLIND,12211353,,complete,,67508d7733172978a5b577ea,computer,Desktop or Laptop,Mac OS 10.15.7,Chrome 131.0.0.0,3008x1692,1353x1176,Headphone Check Pass,,,Demographic Questionnaire,5,CB41,Yes,Pass,Pass,Headphone Check Pass,,,,No,response-2-quantised,1
5,1733334884806,04/12/2024 17:54:44,1733334884574,-5,04/12/2024 12:54:44,196386,6,questionnaire-3956,,41804642,BLIND,12211353,,complete,,67508d7733172978a5b577ea,computer,Desktop or Laptop,Mac OS 10.15.7,Chrome 131.0.0.0,3008x1692,1353x1176,Headphone Check Pass,,,Demographic Questionnaire,5,CB41,Yes,Pass,Pass,Headphone Check Pass,,,,No,response-3,Other (please specify)
6,1733334884806,04/12/2024 17:54:44,1733334884574,-5,04/12/2024 12:54:44,196386,6,questionnaire-3956,,41804642,BLIND,12211353,,complete,,67508d7733172978a5b577ea,computer,Desktop or Laptop,Mac OS 10.15.7,Chrome 131.0.0.0,3008x1692,1353x1176,Headphone Check Pass,,,Demographic Questionnaire,5,CB41,Yes,Pass,Pass,Headphone Check Pass,,,,No,response-3-text,"New York (you should probably have a seperate section for Northeast, New England does not cover New York, New Jersey, etc.)"
7,1733334884806,04/12/2024 17:54:44,1733334884575,-5,04/12/2024 12:54:44,196386,6,questionnaire-3956,,41804642,BLIND,12211353,,complete,,67508d7733172978a5b577ea,computer,Desktop or Laptop,Mac OS 10.15.7,Chrome 131.0.0.0,3008x1692,1353x1176,Headphone Check Pass,,,Demographic Questionnaire,5,CB41,Yes,Pass,Pass,Headphone Check Pass,,,,No,response-4,Not Hispanic or Latino
8,1733334884806,04/12/2024 17:54:44,1733334884575,-5,04/12/2024 12:54:44,196386,6,questionnaire-3956,,41804642,BLIND,12211353,,complete,,67508d7733172978a5b577ea,computer,Desktop or Laptop,Mac OS 10.15.7,Chrome 131.0.0.0,3008x1692,1353x1176,Headphone Check Pass,,,Demographic Questionnaire,5,CB41,Yes,Pass,Pass,Headphone Check Pass,,,,No,response-4-quantised,2
9,1733334884806,04/12/2024 17:54:44,1733334884575,-5,04/12/2024 12:54:44,196386,6,questionnaire-3956,,41804642,BLIND,12211353,,complete,,67508d7733172978a5b577ea,computer,Desktop or Laptop,Mac OS 10.15.7,Chrome 131.0.0.0,3008x1692,1353x1176,Headphone Check Pass,,,Demographic Questionnaire,5,CB41,Yes,Pass,Pass,Headphone Check Pass,,,,No,response-5-5,White
10,1733334884806,04/12/2024 17:54:44,1733334884575,-5,04/12/2024 12:54:44,196386,6,questionnaire-3956,,41804642,BLIND,12211353,,complete,,67508d7733172978a5b577ea,computer,Desktop or Laptop,Mac OS 10.15.7,Chrome 131.0.0.0,3008x1692,1353x1176,Headphone Check Pass,,,Demographic Questionnaire,5,CB41,Yes,Pass,Pass,Headphone Check Pass,,,,No,response-6,14
11,1733334884806,04/12/2024 17:54:44,1733334884575,-5,04/12/2024 12:54:44,196386,6,questionnaire-3956,,41804642,BLIND,12211353,,complete,,67508d7733172978a5b577ea,computer,Desktop or Laptop,Mac OS 10.15.7,Chrome 131.0.0.0,3008x1692,1353x1176,Headphone Check Pass,,,Demographic Questionnaire,5,CB41,Yes,Pass,Pass,Headphone Check Pass,,,,No,response-7,10
12,1733334884806,04/12/2024 17:54:44,1733334884575,-5,04/12/2024 12:54:44,196386,6,questionnaire-3956,,41804642,BLIND,12211353,,complete,,67508d7733172978a5b577ea,computer,Desktop or Laptop,Mac OS 10.15.7,Chrome 131.0.0.0,3008x1692,1353x1176,Headphone Check Pass,,,Demographic Questionnaire,5,CB41,Yes,Pass,Pass,Headphone Check Pass,,,,No,response-8,10%
13,1733334884806,04/12/2024 17:54:44,1733334884575,-5,04/12/2024 12:54:44,196386,6,questionnaire-3956,,41804642,BLIND,12211353,,complete,,67508d7733172978a5b577ea,computer,Desktop or Laptop,Mac OS 10.15.7,Chrome 131.0.0.0,3008x1692,1353x1176,Headphone Check Pass,,,Demographic Questionnaire,5,CB41,Yes,Pass,Pass,Headphone Check Pass,,,,No,response-8-quantised,2
14,1733334884806,04/12/2024 17:54:44,1733334884575,-5,04/12/2024 12:54:44,196386,6,questionnaire-3956,,41804642,BLIND,12211353,,complete,,67508d7733172978a5b577ea,computer,Desktop or Laptop,Mac OS 10.15.7,Chrome 131.0.0.0,3008x1692,1353x1176,Headphone Check Pass,,,Demographic Questionnaire,5,CB41,Yes,Pass,Pass,Headphone Check Pass,,,,No,END QUESTIONNAIRE,61913
1,1733341637395,04/12/2024 19:47:17,1733341636607,-8,04/12/2024 11:47:16,196386,6,questionnaire-3956,,41806444,BLIND,12211956,,complete,,6750a7850f3de27fa94de17c,computer,Desktop or Laptop,Chromium OS 14541.0.0,Chrome 130.0.0.0,1080x675,1080x675,Headphone Check Pass,,,Demographic Questionnaire,5,CB23,Yes,Pass,Pass,Headphone Check Pass,,,,No,BEGIN QUESTIONNAIRE,
2,1733341667281,04/12/2024 19:47:47,1733341666009,-8,04/12/2024 11:47:46,196386,6,questionnaire-3956,,41806444,BLIND,12211956,,complete,,6750a7850f3de27fa94de17c,computer,Desktop or Laptop,Chromium OS 14541.0.0,Chrome 130.0.0.0,1080x675,1080x675,Headphone Check Pass,,,Demographic Questionnaire,5,CB23,Yes,Pass,Pass,Headphone Check Pass,,,,No,response-1,30
3,1733341667545,04/12/2024 19:47:47,1733341666014,-8,04/12/2024 11:47:46,196386,6,questionnaire-3956,,41806444,BLIND,12211956,,complete,,6750a7850f3de27fa94de17c,computer,Desktop or Laptop,Chromium OS 14541.0.0,Chrome 130.0.0.0,1080x675,1080x675,Headphone Check Pass,,,Demographic Questionnaire,5,CB23,Yes,Pass,Pass,Headphone Check Pass,,,,No,response-2,Male
4,1733341667545,04/12/2024 19:47:47,1733341666015,-8,04/12/2024 11:47:46,196386,6,questionnaire-3956,,41806444,BLIND,12211956,,complete,,6750a7850f3de27fa94de17c,computer,Desktop or Laptop,Chromium OS 14541.0.0,Chrome 130.0.0.0,1080x675,1080x675,Headphone Check Pass,,,Demographic Questionnaire,5,CB23,Yes,Pass,Pass,Headphone Check Pass,,,,No,response-2-quantised,1
5,1733341667545,04/12/2024 19:47:47,1733341666015,-8,04/12/2024 11:47:46,196386,6,questionnaire-3956,,41806444,BLIND,12211956,,complete,,6750a7850f3de27fa94de17c,computer,Desktop or Laptop,Chromium OS 14541.0.0,Chrome 130.0.0.0,1080x675,1080x675,Headphone Check Pass,,,Demographic Questionnaire,5,CB23,Yes,Pass,Pass,Headphone Check Pass,,,,No,response-3,Pacific northwest
6,1733341667545,04/12/2024 19:47:47,1733341666016,-8,04/12/2024 11:47:46,196386,6,questionnaire-3956,,41806444,BLIND,12211956,,complete,,6750a7850f3de27fa94de17c,computer,Desktop or Laptop,Chromium OS 14541.0.0,Chrome 130.0.0.0,1080x675,1080x675,Headphone Check Pass,,,Demographic Questionnaire,5,CB23,Yes,Pass,Pass,Headphone Check Pass,,,,No,response-3-quantised,4
7,1733341667545,04/12/2024 19:47:47,1733341666017,-8,04/12/2024 11:47:46,196386,6,questionnaire-3956,,41806444,BLIND,12211956,,complete,,6750a7850f3de27fa94de17c,computer,Desktop or Laptop,Chromium OS 14541.0.0,Chrome 130.0.0.0,1080x675,1080x675,Headphone Check Pass,,,Demographic Questionnaire,5,CB23,Yes,Pass,Pass,Headphone Check Pass,,,,No,response-3-text,
8,1733341667545,04/12/2024 19:47:47,1733341666017,-8,04/12/2024 11:47:46,196386,6,questionnaire-3956,,41806444,BLIND,12211956,,complete,,6750a7850f3de27fa94de17c,computer,Desktop or Laptop,Chromium OS 14541.0.0,Chrome 130.0.0.0,1080x675,1080x675,Headphone Check Pass,,,Demographic Questionnaire,5,CB23,Yes,Pass,Pass,Headphone Check Pass,,,,No,response-4,Hispanic or Latino
9,1733341667545,04/12/2024 19:47:47,1733341666018,-8,04/12/2024 11:47:46,196386,6,questionnaire-3956,,41806444,BLIND,12211956,,complete,,6750a7850f3de27fa94de17c,computer,Desktop or Laptop,Chromium OS 14541.0.0,Chrome 130.0.0.0,1080x675,1080x675,Headphone Check Pass,,,Demographic Questionnaire,5,CB23,Yes,Pass,Pass,Headphone Check Pass,,,,No,response-4-quantised,1
10,1733341667545,04/12/2024 19:47:47,1733341666019,-8,04/12/2024 11:47:46,196386,6,questionnaire-3956,,41806444,BLIND,12211956,,complete,,6750a7850f3de27fa94de17c,computer,Desktop or Laptop,Chromium OS 14541.0.0,Chrome 130.0.0.0,1080x675,1080x675,Headphone Check Pass,,,Demographic Questionnaire,5,CB23,Yes,Pass,Pass,Headphone Check Pass,,,,No,response-5-5,White
11,1733341667545,04/12/2024 19:47:47,1733341666020,-8,04/12/2024 11:47:46,196386,6,questionnaire-3956,,41806444,BLIND,12211956,,complete,,6750a7850f3de27fa94de17c,computer,Desktop or Laptop,Chromium OS 14541.0.0,Chrome 130.0.0.0,1080x675,1080x675,Headphone Check Pass,,,Demographic Questionnaire,5,CB23,Yes,Pass,Pass,Headphone Check Pass,,,,No,response-6,4
12,1733341667545,04/12/2024 19:47:47,1733341666020,-8,04/12/2024 11:47:46,196386,6,questionnaire-3956,,41806444,BLIND,12211956,,complete,,6750a7850f3de27fa94de17c,computer,Desktop or Laptop,Chromium OS 14541.0.0,Chrome 130.0.0.0,1080x675,1080x675,Headphone Check Pass,,,Demographic Questionnaire,5,CB23,Yes,Pass,Pass,Headphone Check Pass,,,,No,response-7,26
13,1733341667545,04/12/2024 19:47:47,1733341666021,-8,04/12/2024 11:47:46,196386,6,questionnaire-3956,,41806444,BLIND,12211956,,complete,,6750a7850f3de27fa94de17c,computer,Desktop or Laptop,Chromium OS 14541.0.0,Chrome 130.0.0.0,1080x675,1080x675,Headphone Check Pass,,,Demographic Questionnaire,5,CB23,Yes,Pass,Pass,Headphone Check Pass,,,,No,response-8,70%
14,1733341667545,04/12/2024 19:47:47,1733341666021,-8,04/12/2024 11:47:46,196386,6,questionnaire-3956,,41806444,BLIND,12211956,,complete,,6750a7850f3de27fa94de17c,computer,Desktop or Laptop,Chromium OS 14541.0.0,Chrome 130.0.0.0,1080x675,1080x675,Headphone Check Pass,,,Demographic Questionnaire,5,CB23,Yes,Pass,Pass,Headphone Check Pass,,,,No,response-8-quantised,8
15,1733341667545,04/12/2024 19:47:47,1733341666022,-8,04/12/2024 11:47:46,196386,6,questionnaire-3956,,41806444,BLIND,12211956,,complete,,6750a7850f3de27fa94de17c,computer,Desktop or Laptop,Chromium OS 14541.0.0,Chrome 130.0.0.0,1080x675,1080x675,Headphone Check Pass,,,Demographic Questionnaire,5,CB23,Yes,Pass,Pass,Headphone Check Pass,,,,No,END QUESTIONNAIRE,29414
1,1733344237451,04/12/2024 20:30:37,1733344237137,-5,04/12/2024 15:30:37,196386,6,questionnaire-3956,,41807147,BLIND,12212098,,complete,,6750ab901335f62f8c267e47,computer,Desktop or Laptop,Mac OS 10.15.7,Chrome 131.0.0.0,1366x768,1650x777,Headphone Check Pass,,,Demographic Questionnaire,5,CB34,Yes,Pass,Pass,Headphone Check Pass,,,,No,BEGIN QUESTIONNAIRE,
2,1733344308620,04/12/2024 20:31:48,1733344308236,-5,04/12/2024 15:31:48,196386,6,questionnaire-3956,,41807147,BLIND,12212098,,complete,,6750ab901335f62f8c267e47,computer,Desktop or Laptop,Mac OS 10.15.7,Chrome 131.0.0.0,1366x768,1631x777,Headphone Check Pass,,,Demographic Questionnaire,5,CB34,Yes,Pass,Pass,Headphone Check Pass,,,,No,response-1,32
3,1733344308766,04/12/2024 20:31:48,1733344308238,-5,04/12/2024 15:31:48,196386,6,questionnaire-3956,,41807147,BLIND,12212098,,complete,,6750ab901335f62f8c267e47,computer,Desktop or Laptop,Mac OS 10.15.7,Chrome 131.0.0.0,1366x768,1631x777,Headphone Check Pass,,,Demographic Questionnaire,5,CB34,Yes,Pass,Pass,Headphone Check Pass,,,,No,response-2,Male
4,1733344308766,04/12/2024 20:31:48,1733344308239,-5,04/12/2024 15:31:48,196386,6,questionnaire-3956,,41807147,BLIND,12212098,,complete,,6750ab901335f62f8c267e47,computer,Desktop or Laptop,Mac OS 10.15.7,Chrome 131.0.0.0,1366x768,1631x777,Headphone Check Pass,,,Demographic Questionnaire,5,CB34,Yes,Pass,Pass,Headphone Check Pass,,,,No,response-2-quantised,1
5,1733344308766,04/12/2024 20:31:48,1733344308239,-5,04/12/2024 15:31:48,196386,6,questionnaire-3956,,41807147,BLIND,12212098,,complete,,6750ab901335f62f8c267e47,computer,Desktop or Laptop,Mac OS 10.15.7,Chrome 131.0.0.0,1366x768,1631x777,Headphone Check Pass,,,Demographic Questionnaire,5,CB34,Yes,Pass,Pass,Headphone Check Pass,,,,No,response-3,Do not know
6,1733344308766,04/12/2024 20:31:48,1733344308239,-5,04/12/2024 15:31:48,196386,6,questionnaire-3956,,41807147,BLIND,12212098,,complete,,6750ab901335f62f8c267e47,computer,Desktop or Laptop,Mac OS 10.15.7,Chrome 131.0.0.0,1366x768,1631x777,Headphone Check Pass,,,Demographic Questionnaire,5,CB34,Yes,Pass,Pass,Headphone Check Pass,,,,No,response-3-quantised,7
7,1733344308766,04/12/2024 20:31:48,1733344308240,-5,04/12/2024 15:31:48,196386,6,questionnaire-3956,,41807147,BLIND,12212098,,complete,,6750ab901335f62f8c267e47,computer,Desktop or Laptop,Mac OS 10.15.7,Chrome 131.0.0.0,1366x768,1631x777,Headphone Check Pass,,,Demographic Questionnaire,5,CB34,Yes,Pass,Pass,Headphone Check Pass,,,,No,response-3-text,
8,1733344308766,04/12/2024 20:31:48,1733344308240,-5,04/12/2024 15:31:48,196386,6,questionnaire-3956,,41807147,BLIND,12212098,,complete,,6750ab901335f62f8c267e47,computer,Desktop or Laptop,Mac OS 10.15.7,Chrome 131.0.0.0,1366x768,1631x777,Headphone Check Pass,,,Demographic Questionnaire,5,CB34,Yes,Pass,Pass,Headphone Check Pass,,,,No,response-4,Hispanic or Latino
9,1733344308766,04/12/2024 20:31:48,1733344308240,-5,04/12/2024 15:31:48,196386,6,questionnaire-3956,,41807147,BLIND,12212098,,complete,,6750ab901335f62f8c267e47,computer,Desktop or Laptop,Mac OS 10.15.7,Chrome 131.0.0.0,1366x768,1631x777,Headphone Check Pass,,,Demographic Questionnaire,5,CB34,Yes,Pass,Pass,Headphone Check Pass,,,,No,response-4-quantised,1
10,1733344308766,04/12/2024 20:31:48,1733344308241,-5,04/12/2024 15:31:48,196386,6,questionnaire-3956,,41807147,BLIND,12212098,,complete,,6750ab901335f62f8c267e47,computer,Desktop or Laptop,Mac OS 10.15.7,Chrome 131.0.0.0,1366x768,1631x777,Headphone Check Pass,,,Demographic Questionnaire,5,CB34,Yes,Pass,Pass,Headphone Check Pass,,,,No,response-5-5,White
11,1733344308766,04/12/2024 20:31:48,1733344308241,-5,04/12/2024 15:31:48,196386,6,questionnaire-3956,,41807147,BLIND,12212098,,complete,,6750ab901335f62f8c267e47,computer,Desktop or Laptop,Mac OS 10.15.7,Chrome 131.0.0.0,1366x768,1631x777,Headphone Check Pass,,,Demographic Questionnaire,5,CB34,Yes,Pass,Pass,Headphone Check Pass,,,,No,response-6,9
12,1733344308766,04/12/2024 20:31:48,1733344308241,-5,04/12/2024 15:31:48,196386,6,questionnaire-3956,,41807147,BLIND,12212098,,complete,,6750ab901335f62f8c267e47,computer,Desktop or Laptop,Mac OS 10.15.7,Chrome 131.0.0.0,1366x768,1631x777,Headphone Check Pass,,,Demographic Questionnaire,5,CB34,Yes,Pass,Pass,Headphone Check Pass,,,,No,response-7,22
13,1733344308766,04/12/2024 20:31:48,1733344308241,-5,04/12/2024 15:31:48,196386,6,questionnaire-3956,,41807147,BLIND,12212098,,complete,,6750ab901335f62f8c267e47,computer,Desktop or Laptop,Mac OS 10.15.7,Chrome 131.0.0.0,1366x768,1631x777,Headphone Check Pass,,,Demographic Questionnaire,5,CB34,Yes,Pass,Pass,Headphone Check Pass,,,,No,response-8,10%
14,1733344308766,04/12/2024 20:31:48,1733344308241,-5,04/12/2024 15:31:48,196386,6,questionnaire-3956,,41807147,BLIND,12212098,,complete,,6750ab901335f62f8c267e47,computer,Desktop or Laptop,Mac OS 10.15.7,Chrome 131.0.0.0,1366x768,1631x777,Headphone Check Pass,,,Demographic Questionnaire,5,CB34,Yes,Pass,Pass,Headphone Check Pass,,,,No,response-8-quantised,2
15,1733344308766,04/12/2024 20:31:48,1733344308242,-5,04/12/2024 15:31:48,196386,6,questionnaire-3956,,41807147,BLIND,12212098,,complete,,6750ab901335f62f8c267e47,computer,Desktop or Laptop,Mac OS 10.15.7,Chrome 131.0.0.0,1366x768,1631x777,Headphone Check Pass,,,Demographic Questionnaire,5,CB34,Yes,Pass,Pass,Headphone Check Pass,,,,No,END QUESTIONNAIRE,71106
1,1733345413752,04/12/2024 20:50:13,1733345413572,-5,04/12/2024 15:50:13,196386,6,questionnaire-3956,,41807391,BLIND,12212204,,complete,,6750b441451019ad3b9f8b26,computer,Desktop or Laptop,Mac OS 10.15.7,Chrome 131.0.0.0,1440x900,1440x788,Headphone Check Pass,,,Demographic Questionnaire,5,CB18,Yes,Pass,Pass,Headphone Check Pass,,,,No,BEGIN QUESTIONNAIRE,
2,1733345453766,04/12/2024 20:50:53,1733345453620,-5,04/12/2024 15:50:53,196386,6,questionnaire-3956,,41807391,BLIND,12212204,,complete,,6750b441451019ad3b9f8b26,computer,Desktop or Laptop,Mac OS 10.15.7,Chrome 131.0.0.0,1440x900,1440x788,Headphone Check Pass,,,Demographic Questionnaire,5,CB18,Yes,Pass,Pass,Headphone Check Pass,,,,No,response-1,21
3,1733345453879,04/12/2024 20:50:53,1733345453621,-5,04/12/2024 15:50:53,196386,6,questionnaire-3956,,41807391,BLIND,12212204,,complete,,6750b441451019ad3b9f8b26,computer,Desktop or Laptop,Mac OS 10.15.7,Chrome 131.0.0.0,1440x900,1440x788,Headphone Check Pass,,,Demographic Questionnaire,5,CB18,Yes,Pass,Pass,Headphone Check Pass,,,,No,response-2,Female
4,1733345453879,04/12/2024 20:50:53,1733345453621,-5,04/12/2024 15:50:53,196386,6,questionnaire-3956,,41807391,BLIND,12212204,,complete,,6750b441451019ad3b9f8b26,computer,Desktop or Laptop,Mac OS 10.15.7,Chrome 131.0.0.0,1440x900,1440x788,Headphone Check Pass,,,Demographic Questionnaire,5,CB18,Yes,Pass,Pass,Headphone Check Pass,,,,No,response-2-quantised,2
5,1733345453879,04/12/2024 20:50:53,1733345453621,-5,04/12/2024 15:50:53,196386,6,questionnaire-3956,,41807391,BLIND,12212204,,complete,,6750b441451019ad3b9f8b26,computer,Desktop or Laptop,Mac OS 10.15.7,Chrome 131.0.0.0,1440x900,1440x788,Headphone Check Pass,,,Demographic Questionnaire,5,CB18,Yes,Pass,Pass,Headphone Check Pass,,,,No,response-3,Do not know
6,1733345453879,04/12/2024 20:50:53,1733345453621,-5,04/12/2024 15:50:53,196386,6,questionnaire-3956,,41807391,BLIND,12212204,,complete,,6750b441451019ad3b9f8b26,computer,Desktop or Laptop,Mac OS 10.15.7,Chrome 131.0.0.0,1440x900,1440x788,Headphone Check Pass,,,Demographic Questionnaire,5,CB18,Yes,Pass,Pass,Headphone Check Pass,,,,No,response-3-quantised,7
7,1733345453879,04/12/2024 20:50:53,1733345453621,-5,04/12/2024 15:50:53,196386,6,questionnaire-3956,,41807391,BLIND,12212204,,complete,,6750b441451019ad3b9f8b26,computer,Desktop or Laptop,Mac OS 10.15.7,Chrome 131.0.0.0,1440x900,1440x788,Headphone Check Pass,,,Demographic Questionnaire,5,CB18,Yes,Pass,Pass,Headphone Check Pass,,,,No,response-3-text,
8,1733345453879,04/12/2024 20:50:53,1733345453621,-5,04/12/2024 15:50:53,196386,6,questionnaire-3956,,41807391,BLIND,12212204,,complete,,6750b441451019ad3b9f8b26,computer,Desktop or Laptop,Mac OS 10.15.7,Chrome 131.0.0.0,1440x900,1440x788,Headphone Check Pass,,,Demographic Questionnaire,5,CB18,Yes,Pass,Pass,Headphone Check Pass,,,,No,response-4,Decline to state
9,1733345453879,04/12/2024 20:50:53,1733345453621,-5,04/12/2024 15:50:53,196386,6,questionnaire-3956,,41807391,BLIND,12212204,,complete,,6750b441451019ad3b9f8b26,computer,Desktop or Laptop,Mac OS 10.15.7,Chrome 131.0.0.0,1440x900,1440x788,Headphone Check Pass,,,Demographic Questionnaire,5,CB18,Yes,Pass,Pass,Headphone Check Pass,,,,No,response-4-quantised,3
10,1733345453879,04/12/2024 20:50:53,1733345453621,-5,04/12/2024 15:50:53,196386,6,questionnaire-3956,,41807391,BLIND,12212204,,complete,,6750b441451019ad3b9f8b26,computer,Desktop or Laptop,Mac OS 10.15.7,Chrome 131.0.0.0,1440x900,1440x788,Headphone Check Pass,,,Demographic Questionnaire,5,CB18,Yes,Pass,Pass,Headphone Check Pass,,,,No,response-5-4,Black or African American
11,1733345453879,04/12/2024 20:50:53,1733345453622,-5,04/12/2024 15:50:53,196386,6,questionnaire-3956,,41807391,BLIND,12212204,,complete,,6750b441451019ad3b9f8b26,computer,Desktop or Laptop,Mac OS 10.15.7,Chrome 131.0.0.0,1440x900,1440x788,Headphone Check Pass,,,Demographic Questionnaire,5,CB18,Yes,Pass,Pass,Headphone Check Pass,,,,No,response-6,8
12,1733345453879,04/12/2024 20:50:53,1733345453622,-5,04/12/2024 15:50:53,196386,6,questionnaire-3956,,41807391,BLIND,12212204,,complete,,6750b441451019ad3b9f8b26,computer,Desktop or Laptop,Mac OS 10.15.7,Chrome 131.0.0.0,1440x900,1440x788,Headphone Check Pass,,,Demographic Questionnaire,5,CB18,Yes,Pass,Pass,Headphone Check Pass,,,,No,response-7,9
13,1733345453879,04/12/2024 20:50:53,1733345453622,-5,04/12/2024 15:50:53,196386,6,questionnaire-3956,,41807391,BLIND,12212204,,complete,,6750b441451019ad3b9f8b26,computer,Desktop or Laptop,Mac OS 10.15.7,Chrome 131.0.0.0,1440x900,1440x788,Headphone Check Pass,,,Demographic Questionnaire,5,CB18,Yes,Pass,Pass,Headphone Check Pass,,,,No,response-8,40%
14,1733345453879,04/12/2024 20:50:53,1733345453622,-5,04/12/2024 15:50:53,196386,6,questionnaire-3956,,41807391,BLIND,12212204,,complete,,6750b441451019ad3b9f8b26,computer,Desktop or Laptop,Mac OS 10.15.7,Chrome 131.0.0.0,1440x900,1440x788,Headphone Check Pass,,,Demographic Questionnaire,5,CB18,Yes,Pass,Pass,Headphone Check Pass,,,,No,response-8-quantised,5
15,1733345453879,04/12/2024 20:50:53,1733345453622,-5,04/12/2024 15:50:53,196386,6,questionnaire-3956,,41807391,BLIND,12212204,,complete,,6750b441451019ad3b9f8b26,computer,Desktop or Laptop,Mac OS 10.15.7,Chrome 131.0.0.0,1440x900,1440x788,Headphone Check Pass,,,Demographic Questionnaire,5,CB18,Yes,Pass,Pass,Headphone Check Pass,,,,No,END QUESTIONNAIRE,40050
1,1733349993773,04/12/2024 22:06:33,1733349993458,-5,04/12/2024 17:06:33,196386,6,questionnaire-3956,,41808470,BLIND,12212716,,complete,,6750caa2cd7a94febe0f8405,computer,Desktop or Laptop,Windows 10,Chrome 131.0.0.0,2560x1440,2560x1317,Headphone Check Pass,,,Demographic Questionnaire,5,CB39,Yes,Pass,Pass,Headphone Check Pass,,,,No,BEGIN QUESTIONNAIRE,
2,1733350020546,04/12/2024 22:07:00,1733350020294,-5,04/12/2024 17:07:00,196386,6,questionnaire-3956,,41808470,BLIND,12212716,,complete,,6750caa2cd7a94febe0f8405,computer,Desktop or Laptop,Windows 10,Chrome 131.0.0.0,2560x1440,2560x1317,Headphone Check Pass,,,Demographic Questionnaire,5,CB39,Yes,Pass,Pass,Headphone Check Pass,,,,No,response-1,33
3,1733350020707,04/12/2024 22:07:00,1733350020294,-5,04/12/2024 17:07:00,196386,6,questionnaire-3956,,41808470,BLIND,12212716,,complete,,6750caa2cd7a94febe0f8405,computer,Desktop or Laptop,Windows 10,Chrome 131.0.0.0,2560x1440,2560x1317,Headphone Check Pass,,,Demographic Questionnaire,5,CB39,Yes,Pass,Pass,Headphone Check Pass,,,,No,response-2,Female
4,1733350020707,04/12/2024 22:07:00,1733350020294,-5,04/12/2024 17:07:00,196386,6,questionnaire-3956,,41808470,BLIND,12212716,,complete,,6750caa2cd7a94febe0f8405,computer,Desktop or Laptop,Windows 10,Chrome 131.0.0.0,2560x1440,2560x1317,Headphone Check Pass,,,Demographic Questionnaire,5,CB39,Yes,Pass,Pass,Headphone Check Pass,,,,No,response-2-quantised,2
5,1733350020707,04/12/2024 22:07:00,1733350020294,-5,04/12/2024 17:07:00,196386,6,questionnaire-3956,,41808470,BLIND,12212716,,complete,,6750caa2cd7a94febe0f8405,computer,Desktop or Laptop,Windows 10,Chrome 131.0.0.0,2560x1440,2560x1317,Headphone Check Pass,,,Demographic Questionnaire,5,CB39,Yes,Pass,Pass,Headphone Check Pass,,,,No,response-3,Southern
6,1733350020707,04/12/2024 22:07:00,1733350020294,-5,04/12/2024 17:07:00,196386,6,questionnaire-3956,,41808470,BLIND,12212716,,complete,,6750caa2cd7a94febe0f8405,computer,Desktop or Laptop,Windows 10,Chrome 131.0.0.0,2560x1440,2560x1317,Headphone Check Pass,,,Demographic Questionnaire,5,CB39,Yes,Pass,Pass,Headphone Check Pass,,,,No,response-3-quantised,2
7,1733350020707,04/12/2024 22:07:00,1733350020294,-5,04/12/2024 17:07:00,196386,6,questionnaire-3956,,41808470,BLIND,12212716,,complete,,6750caa2cd7a94febe0f8405,computer,Desktop or Laptop,Windows 10,Chrome 131.0.0.0,2560x1440,2560x1317,Headphone Check Pass,,,Demographic Questionnaire,5,CB39,Yes,Pass,Pass,Headphone Check Pass,,,,No,response-3-text,
8,1733350020707,04/12/2024 22:07:00,1733350020294,-5,04/12/2024 17:07:00,196386,6,questionnaire-3956,,41808470,BLIND,12212716,,complete,,6750caa2cd7a94febe0f8405,computer,Desktop or Laptop,Windows 10,Chrome 131.0.0.0,2560x1440,2560x1317,Headphone Check Pass,,,Demographic Questionnaire,5,CB39,Yes,Pass,Pass,Headphone Check Pass,,,,No,response-4,Hispanic or Latino
9,1733350020707,04/12/2024 22:07:00,1733350020294,-5,04/12/2024 17:07:00,196386,6,questionnaire-3956,,41808470,BLIND,12212716,,complete,,6750caa2cd7a94febe0f8405,computer,Desktop or Laptop,Windows 10,Chrome 131.0.0.0,2560x1440,2560x1317,Headphone Check Pass,,,Demographic Questionnaire,5,CB39,Yes,Pass,Pass,Headphone Check Pass,,,,No,response-4-quantised,1
10,1733350020707,04/12/2024 22:07:00,1733350020295,-5,04/12/2024 17:07:00,196386,6,questionnaire-3956,,41808470,BLIND,12212716,,complete,,6750caa2cd7a94febe0f8405,computer,Desktop or Laptop,Windows 10,Chrome 131.0.0.0,2560x1440,2560x1317,Headphone Check Pass,,,Demographic Questionnaire,5,CB39,Yes,Pass,Pass,Headphone Check Pass,,,,No,response-5-5,White
11,1733350020707,04/12/2024 22:07:00,1733350020295,-5,04/12/2024 17:07:00,196386,6,questionnaire-3956,,41808470,BLIND,12212716,,complete,,6750caa2cd7a94febe0f8405,computer,Desktop or Laptop,Windows 10,Chrome 131.0.0.0,2560x1440,2560x1317,Headphone Check Pass,,,Demographic Questionnaire,5,CB39,Yes,Pass,Pass,Headphone Check Pass,,,,No,response-6,5
12,1733350020707,04/12/2024 22:07:00,1733350020295,-5,04/12/2024 17:07:00,196386,6,questionnaire-3956,,41808470,BLIND,12212716,,complete,,6750caa2cd7a94febe0f8405,computer,Desktop or Laptop,Windows 10,Chrome 131.0.0.0,2560x1440,2560x1317,Headphone Check Pass,,,Demographic Questionnaire,5,CB39,Yes,Pass,Pass,Headphone Check Pass,,,,No,response-7,33
13,1733350020707,04/12/2024 22:07:00,1733350020295,-5,04/12/2024 17:07:00,196386,6,questionnaire-3956,,41808470,BLIND,12212716,,complete,,6750caa2cd7a94febe0f8405,computer,Desktop or Laptop,Windows 10,Chrome 131.0.0.0,2560x1440,2560x1317,Headphone Check Pass,,,Demographic Questionnaire,5,CB39,Yes,Pass,Pass,Headphone Check Pass,,,,No,response-8,10%
14,1733350020707,04/12/2024 22:07:00,1733350020295,-5,04/12/2024 17:07:00,196386,6,questionnaire-3956,,41808470,BLIND,12212716,,complete,,6750caa2cd7a94febe0f8405,computer,Desktop or Laptop,Windows 10,Chrome 131.0.0.0,2560x1440,2560x1317,Headphone Check Pass,,,Demographic Questionnaire,5,CB39,Yes,Pass,Pass,Headphone Check Pass,,,,No,response-8-quantised,2
15,1733350020707,04/12/2024 22:07:00,1733350020295,-5,04/12/2024 17:07:00,196386,6,questionnaire-3956,,41808470,BLIND,12212716,,complete,,6750caa2cd7a94febe0f8405,computer,Desktop or Laptop,Windows 10,Chrome 131.0.0.0,2560x1440,2560x1317,Headphone Check Pass,,,Demographic Questionnaire,5,CB39,Yes,Pass,Pass,Headphone Check Pass,,,,No,END QUESTIONNAIRE,26837
1,1733350253530,04/12/2024 22:10:53,1733350333250,-7,04/12/2024 15:12:13,196386,6,questionnaire-3956,,41808595,BLIND,12212723,,complete,,6750cada7fa475ab041c1552,computer,Desktop or Laptop,Windows 10,Chrome 109.0.0.0,1366x768,1366x657,Headphone Check Pass,,,Demographic Questionnaire,5,CB32,Yes,Pass,Pass,Headphone Check Pass,,,,No,BEGIN QUESTIONNAIRE,
2,1733350286753,04/12/2024 22:11:26,1733350366522,-7,04/12/2024 15:12:46,196386,6,questionnaire-3956,,41808595,BLIND,12212723,,complete,,6750cada7fa475ab041c1552,computer,Desktop or Laptop,Windows 10,Chrome 109.0.0.0,1366x768,1349x657,Headphone Check Pass,,,Demographic Questionnaire,5,CB32,Yes,Pass,Pass,Headphone Check Pass,,,,No,response-1,30
3,1733350287057,04/12/2024 22:11:27,1733350366524,-7,04/12/2024 15:12:46,196386,6,questionnaire-3956,,41808595,BLIND,12212723,,complete,,6750cada7fa475ab041c1552,computer,Desktop or Laptop,Windows 10,Chrome 109.0.0.0,1366x768,1349x657,Headphone Check Pass,,,Demographic Questionnaire,5,CB32,Yes,Pass,Pass,Headphone Check Pass,,,,No,response-2,Male
4,1733350287057,04/12/2024 22:11:27,1733350366525,-7,04/12/2024 15:12:46,196386,6,questionnaire-3956,,41808595,BLIND,12212723,,complete,,6750cada7fa475ab041c1552,computer,Desktop or Laptop,Windows 10,Chrome 109.0.0.0,1366x768,1349x657,Headphone Check Pass,,,Demographic Questionnaire,5,CB32,Yes,Pass,Pass,Headphone Check Pass,,,,No,response-2-quantised,1
5,1733350287057,04/12/2024 22:11:27,1733350366525,-7,04/12/2024 15:12:46,196386,6,questionnaire-3956,,41808595,BLIND,12212723,,complete,,6750cada7fa475ab041c1552,computer,Desktop or Laptop,Windows 10,Chrome 109.0.0.0,1366x768,1349x657,Headphone Check Pass,,,Demographic Questionnaire,5,CB32,Yes,Pass,Pass,Headphone Check Pass,,,,No,response-3,Southwestern
6,1733350287057,04/12/2024 22:11:27,1733350366525,-7,04/12/2024 15:12:46,196386,6,questionnaire-3956,,41808595,BLIND,12212723,,complete,,6750cada7fa475ab041c1552,computer,Desktop or Laptop,Windows 10,Chrome 109.0.0.0,1366x768,1349x657,Headphone Check Pass,,,Demographic Questionnaire,5,CB32,Yes,Pass,Pass,Headphone Check Pass,,,,No,response-3-quantised,6
7,1733350287057,04/12/2024 22:11:27,1733350366525,-7,04/12/2024 15:12:46,196386,6,questionnaire-3956,,41808595,BLIND,12212723,,complete,,6750cada7fa475ab041c1552,computer,Desktop or Laptop,Windows 10,Chrome 109.0.0.0,1366x768,1349x657,Headphone Check Pass,,,Demographic Questionnaire,5,CB32,Yes,Pass,Pass,Headphone Check Pass,,,,No,response-3-text,
8,1733350287057,04/12/2024 22:11:27,1733350366526,-7,04/12/2024 15:12:46,196386,6,questionnaire-3956,,41808595,BLIND,12212723,,complete,,6750cada7fa475ab041c1552,computer,Desktop or Laptop,Windows 10,Chrome 109.0.0.0,1366x768,1349x657,Headphone Check Pass,,,Demographic Questionnaire,5,CB32,Yes,Pass,Pass,Headphone Check Pass,,,,No,response-4,Not Hispanic or Latino
9,1733350287057,04/12/2024 22:11:27,1733350366526,-7,04/12/2024 15:12:46,196386,6,questionnaire-3956,,41808595,BLIND,12212723,,complete,,6750cada7fa475ab041c1552,computer,Desktop or Laptop,Windows 10,Chrome 109.0.0.0,1366x768,1349x657,Headphone Check Pass,,,Demographic Questionnaire,5,CB32,Yes,Pass,Pass,Headphone Check Pass,,,,No,response-4-quantised,2
10,1733350287057,04/12/2024 22:11:27,1733350366526,-7,04/12/2024 15:12:46,196386,6,questionnaire-3956,,41808595,BLIND,12212723,,complete,,6750cada7fa475ab041c1552,computer,Desktop or Laptop,Windows 10,Chrome 109.0.0.0,1366x768,1349x657,Headphone Check Pass,,,Demographic Questionnaire,5,CB32,Yes,Pass,Pass,Headphone Check Pass,,,,No,response-5-5,White
11,1733350287057,04/12/2024 22:11:27,1733350366527,-7,04/12/2024 15:12:46,196386,6,questionnaire-3956,,41808595,BLIND,12212723,,complete,,6750cada7fa475ab041c1552,computer,Desktop or Laptop,Windows 10,Chrome 109.0.0.0,1366x768,1349x657,Headphone Check Pass,,,Demographic Questionnaire,5,CB32,Yes,Pass,Pass,Headphone Check Pass,,,,No,response-6,19
12,1733350287057,04/12/2024 22:11:27,1733350366527,-7,04/12/2024 15:12:46,196386,6,questionnaire-3956,,41808595,BLIND,12212723,,complete,,6750cada7fa475ab041c1552,computer,Desktop or Laptop,Windows 10,Chrome 109.0.0.0,1366x768,1349x657,Headphone Check Pass,,,Demographic Questionnaire,5,CB32,Yes,Pass,Pass,Headphone Check Pass,,,,No,response-7,11
13,1733350287057,04/12/2024 22:11:27,1733350366528,-7,04/12/2024 15:12:46,196386,6,questionnaire-3956,,41808595,BLIND,12212723,,complete,,6750cada7fa475ab041c1552,computer,Desktop or Laptop,Windows 10,Chrome 109.0.0.0,1366x768,1349x657,Headphone Check Pass,,,Demographic Questionnaire,5,CB32,Yes,Pass,Pass,Headphone Check Pass,,,,No,response-8,10%
14,1733350287057,04/12/2024 22:11:27,1733350366528,-7,04/12/2024 15:12:46,196386,6,questionnaire-3956,,41808595,BLIND,12212723,,complete,,6750cada7fa475ab041c1552,computer,Desktop or Laptop,Windows 10,Chrome 109.0.0.0,1366x768,1349x657,Headphone Check Pass,,,Demographic Questionnaire,5,CB32,Yes,Pass,Pass,Headphone Check Pass,,,,No,response-8-quantised,2
15,1733350287057,04/12/2024 22:11:27,1733350366528,-7,04/12/2024 15:12:46,196386,6,questionnaire-3956,,41808595,BLIND,12212723,,complete,,6750cada7fa475ab041c1552,computer,Desktop or Laptop,Windows 10,Chrome 109.0.0.0,1366x768,1349x657,Headphone Check Pass,,,Demographic Questionnaire,5,CB32,Yes,Pass,Pass,Headphone Check Pass,,,,No,END QUESTIONNAIRE,33278
1,1733351178421,04/12/2024 22:26:18,1733351178225,-6,04/12/2024 16:26:18,196386,6,questionnaire-3956,,41808943,BLIND,12212808,,complete,,6750cf7ab4d948370d2b65af,computer,Desktop or Laptop,Mac OS 10.15.7,Chrome 131.0.0.0,1792x1120,1792x889,Headphone Check Pass,,,Demographic Questionnaire,5,CB40,Yes,Pass,Pass,Headphone Check Pass,,,,No,BEGIN QUESTIONNAIRE,
2,1733351201849,04/12/2024 22:26:41,1733351201715,-6,04/12/2024 16:26:41,196386,6,questionnaire-3956,,41808943,BLIND,12212808,,complete,,6750cf7ab4d948370d2b65af,computer,Desktop or Laptop,Mac OS 10.15.7,Chrome 131.0.0.0,1792x1120,1792x889,Headphone Check Pass,,,Demographic Questionnaire,5,CB40,Yes,Pass,Pass,Headphone Check Pass,,,,No,response-1,25
3,1733351202024,04/12/2024 22:26:42,1733351201716,-6,04/12/2024 16:26:41,196386,6,questionnaire-3956,,41808943,BLIND,12212808,,complete,,6750cf7ab4d948370d2b65af,computer,Desktop or Laptop,Mac OS 10.15.7,Chrome 131.0.0.0,1792x1120,1792x889,Headphone Check Pass,,,Demographic Questionnaire,5,CB40,Yes,Pass,Pass,Headphone Check Pass,,,,No,response-2,Male
4,1733351202024,04/12/2024 22:26:42,1733351201716,-6,04/12/2024 16:26:41,196386,6,questionnaire-3956,,41808943,BLIND,12212808,,complete,,6750cf7ab4d948370d2b65af,computer,Desktop or Laptop,Mac OS 10.15.7,Chrome 131.0.0.0,1792x1120,1792x889,Headphone Check Pass,,,Demographic Questionnaire,5,CB40,Yes,Pass,Pass,Headphone Check Pass,,,,No,response-2-quantised,1
5,1733351202024,04/12/2024 22:26:42,1733351201716,-6,04/12/2024 16:26:41,196386,6,questionnaire-3956,,41808943,BLIND,12212808,,complete,,6750cf7ab4d948370d2b65af,computer,Desktop or Laptop,Mac OS 10.15.7,Chrome 131.0.0.0,1792x1120,1792x889,Headphone Check Pass,,,Demographic Questionnaire,5,CB40,Yes,Pass,Pass,Headphone Check Pass,,,,No,response-3,Midwestern
6,1733351202024,04/12/2024 22:26:42,1733351201716,-6,04/12/2024 16:26:41,196386,6,questionnaire-3956,,41808943,BLIND,12212808,,complete,,6750cf7ab4d948370d2b65af,computer,Desktop or Laptop,Mac OS 10.15.7,Chrome 131.0.0.0,1792x1120,1792x889,Headphone Check Pass,,,Demographic Questionnaire,5,CB40,Yes,Pass,Pass,Headphone Check Pass,,,,No,response-3-quantised,3
7,1733351202024,04/12/2024 22:26:42,1733351201716,-6,04/12/2024 16:26:41,196386,6,questionnaire-3956,,41808943,BLIND,12212808,,complete,,6750cf7ab4d948370d2b65af,computer,Desktop or Laptop,Mac OS 10.15.7,Chrome 131.0.0.0,1792x1120,1792x889,Headphone Check Pass,,,Demographic Questionnaire,5,CB40,Yes,Pass,Pass,Headphone Check Pass,,,,No,response-3-text,
8,1733351202024,04/12/2024 22:26:42,1733351201716,-6,04/12/2024 16:26:41,196386,6,questionnaire-3956,,41808943,BLIND,12212808,,complete,,6750cf7ab4d948370d2b65af,computer,Desktop or Laptop,Mac OS 10.15.7,Chrome 131.0.0.0,1792x1120,1792x889,Headphone Check Pass,,,Demographic Questionnaire,5,CB40,Yes,Pass,Pass,Headphone Check Pass,,,,No,response-4,Hispanic or Latino
9,1733351202024,04/12/2024 22:26:42,1733351201716,-6,04/12/2024 16:26:41,196386,6,questionnaire-3956,,41808943,BLIND,12212808,,complete,,6750cf7ab4d948370d2b65af,computer,Desktop or Laptop,Mac OS 10.15.7,Chrome 131.0.0.0,1792x1120,1792x889,Headphone Check Pass,,,Demographic Questionnaire,5,CB40,Yes,Pass,Pass,Headphone Check Pass,,,,No,response-4-quantised,1
10,1733351202024,04/12/2024 22:26:42,1733351201716,-6,04/12/2024 16:26:41,196386,6,questionnaire-3956,,41808943,BLIND,12212808,,complete,,6750cf7ab4d948370d2b65af,computer,Desktop or Laptop,Mac OS 10.15.7,Chrome 131.0.0.0,1792x1120,1792x889,Headphone Check Pass,,,Demographic Questionnaire,5,CB40,Yes,Pass,Pass,Headphone Check Pass,,,,No,response-5-5,White
11,1733351202024,04/12/2024 22:26:42,1733351201716,-6,04/12/2024 16:26:41,196386,6,questionnaire-3956,,41808943,BLIND,12212808,,complete,,6750cf7ab4d948370d2b65af,computer,Desktop or Laptop,Mac OS 10.15.7,Chrome 131.0.0.0,1792x1120,1792x889,Headphone Check Pass,,,Demographic Questionnaire,5,CB40,Yes,Pass,Pass,Headphone Check Pass,,,,No,response-6,1
12,1733351202024,04/12/2024 22:26:42,1733351201717,-6,04/12/2024 16:26:41,196386,6,questionnaire-3956,,41808943,BLIND,12212808,,complete,,6750cf7ab4d948370d2b65af,computer,Desktop or Laptop,Mac OS 10.15.7,Chrome 131.0.0.0,1792x1120,1792x889,Headphone Check Pass,,,Demographic Questionnaire,5,CB40,Yes,Pass,Pass,Headphone Check Pass,,,,No,response-7,25
13,1733351202024,04/12/2024 22:26:42,1733351201717,-6,04/12/2024 16:26:41,196386,6,questionnaire-3956,,41808943,BLIND,12212808,,complete,,6750cf7ab4d948370d2b65af,computer,Desktop or Laptop,Mac OS 10.15.7,Chrome 131.0.0.0,1792x1120,1792x889,Headphone Check Pass,,,Demographic Questionnaire,5,CB40,Yes,Pass,Pass,Headphone Check Pass,,,,No,response-8,40%
14,1733351202024,04/12/2024 22:26:42,1733351201717,-6,04/12/2024 16:26:41,196386,6,questionnaire-3956,,41808943,BLIND,12212808,,complete,,6750cf7ab4d948370d2b65af,computer,Desktop or Laptop,Mac OS 10.15.7,Chrome 131.0.0.0,1792x1120,1792x889,Headphone Check Pass,,,Demographic Questionnaire,5,CB40,Yes,Pass,Pass,Headphone Check Pass,,,,No,response-8-quantised,5
15,1733351202024,04/12/2024 22:26:42,1733351201717,-6,04/12/2024 16:26:41,196386,6,questionnaire-3956,,41808943,BLIND,12212808,,complete,,6750cf7ab4d948370d2b65af,computer,Desktop or Laptop,Mac OS 10.15.7,Chrome 131.0.0.0,1792x1120,1792x889,Headphone Check Pass,,,Demographic Questionnaire,5,CB40,Yes,Pass,Pass,Headphone Check Pass,,,,No,END QUESTIONNAIRE,23493
1,1733354860354,04/12/2024 23:27:40,1733354860232,-5,04/12/2024 18:27:40,196386,6,questionnaire-3956,,41810011,BLIND,12213162,,complete,,6750dda2f6502b223f24193b,computer,Desktop or Laptop,Mac OS 10.15.7,Chrome 129.0.0.0,1512x982,1512x823,Headphone Check Pass,,,Demographic Questionnaire,5,CB17,Yes,Pass,Pass,Headphone Check Pass,,,,No,BEGIN QUESTIONNAIRE,
2,1733354878193,04/12/2024 23:27:58,1733354878115,-5,04/12/2024 18:27:58,196386,6,questionnaire-3956,,41810011,BLIND,12213162,,complete,,6750dda2f6502b223f24193b,computer,Desktop or Laptop,Mac OS 10.15.7,Chrome 129.0.0.0,1512x982,1512x823,Headphone Check Pass,,,Demographic Questionnaire,5,CB17,Yes,Pass,Pass,Headphone Check Pass,,,,No,response-1,22
3,1733354878298,04/12/2024 23:27:58,1733354878116,-5,04/12/2024 18:27:58,196386,6,questionnaire-3956,,41810011,BLIND,12213162,,complete,,6750dda2f6502b223f24193b,computer,Desktop or Laptop,Mac OS 10.15.7,Chrome 129.0.0.0,1512x982,1512x823,Headphone Check Pass,,,Demographic Questionnaire,5,CB17,Yes,Pass,Pass,Headphone Check Pass,,,,No,response-2,Male
4,1733354878298,04/12/2024 23:27:58,1733354878116,-5,04/12/2024 18:27:58,196386,6,questionnaire-3956,,41810011,BLIND,12213162,,complete,,6750dda2f6502b223f24193b,computer,Desktop or Laptop,Mac OS 10.15.7,Chrome 129.0.0.0,1512x982,1512x823,Headphone Check Pass,,,Demographic Questionnaire,5,CB17,Yes,Pass,Pass,Headphone Check Pass,,,,No,response-2-quantised,1
5,1733354878298,04/12/2024 23:27:58,1733354878116,-5,04/12/2024 18:27:58,196386,6,questionnaire-3956,,41810011,BLIND,12213162,,complete,,6750dda2f6502b223f24193b,computer,Desktop or Laptop,Mac OS 10.15.7,Chrome 129.0.0.0,1512x982,1512x823,Headphone Check Pass,,,Demographic Questionnaire,5,CB17,Yes,Pass,Pass,Headphone Check Pass,,,,No,response-3,Southern
6,1733354878298,04/12/2024 23:27:58,1733354878116,-5,04/12/2024 18:27:58,196386,6,questionnaire-3956,,41810011,BLIND,12213162,,complete,,6750dda2f6502b223f24193b,computer,Desktop or Laptop,Mac OS 10.15.7,Chrome 129.0.0.0,1512x982,1512x823,Headphone Check Pass,,,Demographic Questionnaire,5,CB17,Yes,Pass,Pass,Headphone Check Pass,,,,No,response-3-quantised,2
7,1733354878298,04/12/2024 23:27:58,1733354878116,-5,04/12/2024 18:27:58,196386,6,questionnaire-3956,,41810011,BLIND,12213162,,complete,,6750dda2f6502b223f24193b,computer,Desktop or Laptop,Mac OS 10.15.7,Chrome 129.0.0.0,1512x982,1512x823,Headphone Check Pass,,,Demographic Questionnaire,5,CB17,Yes,Pass,Pass,Headphone Check Pass,,,,No,response-3-text,
8,1733354878298,04/12/2024 23:27:58,1733354878116,-5,04/12/2024 18:27:58,196386,6,questionnaire-3956,,41810011,BLIND,12213162,,complete,,6750dda2f6502b223f24193b,computer,Desktop or Laptop,Mac OS 10.15.7,Chrome 129.0.0.0,1512x982,1512x823,Headphone Check Pass,,,Demographic Questionnaire,5,CB17,Yes,Pass,Pass,Headphone Check Pass,,,,No,response-4,Not Hispanic or Latino
9,1733354878298,04/12/2024 23:27:58,1733354878116,-5,04/12/2024 18:27:58,196386,6,questionnaire-3956,,41810011,BLIND,12213162,,complete,,6750dda2f6502b223f24193b,computer,Desktop or Laptop,Mac OS 10.15.7,Chrome 129.0.0.0,1512x982,1512x823,Headphone Check Pass,,,Demographic Questionnaire,5,CB17,Yes,Pass,Pass,Headphone Check Pass,,,,No,response-4-quantised,2
10,1733354878298,04/12/2024 23:27:58,1733354878116,-5,04/12/2024 18:27:58,196386,6,questionnaire-3956,,41810011,BLIND,12213162,,complete,,6750dda2f6502b223f24193b,computer,Desktop or Laptop,Mac OS 10.15.7,Chrome 129.0.0.0,1512x982,1512x823,Headphone Check Pass,,,Demographic Questionnaire,5,CB17,Yes,Pass,Pass,Headphone Check Pass,,,,No,response-5-2,Asian
11,1733354878298,04/12/2024 23:27:58,1733354878116,-5,04/12/2024 18:27:58,196386,6,questionnaire-3956,,41810011,BLIND,12213162,,complete,,6750dda2f6502b223f24193b,computer,Desktop or Laptop,Mac OS 10.15.7,Chrome 129.0.0.0,1512x982,1512x823,Headphone Check Pass,,,Demographic Questionnaire,5,CB17,Yes,Pass,Pass,Headphone Check Pass,,,,No,response-6,10
12,1733354878298,04/12/2024 23:27:58,1733354878116,-5,04/12/2024 18:27:58,196386,6,questionnaire-3956,,41810011,BLIND,12213162,,complete,,6750dda2f6502b223f24193b,computer,Desktop or Laptop,Mac OS 10.15.7,Chrome 129.0.0.0,1512x982,1512x823,Headphone Check Pass,,,Demographic Questionnaire,5,CB17,Yes,Pass,Pass,Headphone Check Pass,,,,No,response-7,12
13,1733354878298,04/12/2024 23:27:58,1733354878116,-5,04/12/2024 18:27:58,196386,6,questionnaire-3956,,41810011,BLIND,12213162,,complete,,6750dda2f6502b223f24193b,computer,Desktop or Laptop,Mac OS 10.15.7,Chrome 129.0.0.0,1512x982,1512x823,Headphone Check Pass,,,Demographic Questionnaire,5,CB17,Yes,Pass,Pass,Headphone Check Pass,,,,No,response-8,10%
14,1733354878298,04/12/2024 23:27:58,1733354878116,-5,04/12/2024 18:27:58,196386,6,questionnaire-3956,,41810011,BLIND,12213162,,complete,,6750dda2f6502b223f24193b,computer,Desktop or Laptop,Mac OS 10.15.7,Chrome 129.0.0.0,1512x982,1512x823,Headphone Check Pass,,,Demographic Questionnaire,5,CB17,Yes,Pass,Pass,Headphone Check Pass,,,,No,response-8-quantised,2
15,1733354878298,04/12/2024 23:27:58,1733354878116,-5,04/12/2024 18:27:58,196386,6,questionnaire-3956,,41810011,BLIND,12213162,,complete,,6750dda2f6502b223f24193b,computer,Desktop or Laptop,Mac OS 10.15.7,Chrome 129.0.0.0,1512x982,1512x823,Headphone Check Pass,,,Demographic Questionnaire,5,CB17,Yes,Pass,Pass,Headphone Check Pass,,,,No,END QUESTIONNAIRE,17884
1,1733360843744,05/12/2024 01:07:23,1733360843800,-5,04/12/2024 20:07:23,196386,6,questionnaire-3956,,41810845,BLIND,12213496,,complete,,6750f22e45a031eded4eaa9d,computer,Desktop or Laptop,Windows 10,Chrome 131.0.0.0,1366x768,1366x633,Headphone Check Pass,,,Demographic Questionnaire,5,CB47,Yes,Pass,Pass,Headphone Check Pass,,,,No,BEGIN QUESTIONNAIRE,
2,1733360879660,05/12/2024 01:07:59,1733360879763,-5,04/12/2024 20:07:59,196386,6,questionnaire-3956,,41810845,BLIND,12213496,,complete,,6750f22e45a031eded4eaa9d,computer,Desktop or Laptop,Windows 10,Chrome 131.0.0.0,1366x768,1349x633,Headphone Check Pass,,,Demographic Questionnaire,5,CB47,Yes,Pass,Pass,Headphone Check Pass,,,,No,response-1,23
3,1733360879795,05/12/2024 01:07:59,1733360879764,-5,04/12/2024 20:07:59,196386,6,questionnaire-3956,,41810845,BLIND,12213496,,complete,,6750f22e45a031eded4eaa9d,computer,Desktop or Laptop,Windows 10,Chrome 131.0.0.0,1366x768,1349x633,Headphone Check Pass,,,Demographic Questionnaire,5,CB47,Yes,Pass,Pass,Headphone Check Pass,,,,No,response-2,Female
4,1733360879795,05/12/2024 01:07:59,1733360879764,-5,04/12/2024 20:07:59,196386,6,questionnaire-3956,,41810845,BLIND,12213496,,complete,,6750f22e45a031eded4eaa9d,computer,Desktop or Laptop,Windows 10,Chrome 131.0.0.0,1366x768,1349x633,Headphone Check Pass,,,Demographic Questionnaire,5,CB47,Yes,Pass,Pass,Headphone Check Pass,,,,No,response-2-quantised,2
5,1733360879795,05/12/2024 01:07:59,1733360879764,-5,04/12/2024 20:07:59,196386,6,questionnaire-3956,,41810845,BLIND,12213496,,complete,,6750f22e45a031eded4eaa9d,computer,Desktop or Laptop,Windows 10,Chrome 131.0.0.0,1366x768,1349x633,Headphone Check Pass,,,Demographic Questionnaire,5,CB47,Yes,Pass,Pass,Headphone Check Pass,,,,No,response-3,New England
6,1733360879795,05/12/2024 01:07:59,1733360879764,-5,04/12/2024 20:07:59,196386,6,questionnaire-3956,,41810845,BLIND,12213496,,complete,,6750f22e45a031eded4eaa9d,computer,Desktop or Laptop,Windows 10,Chrome 131.0.0.0,1366x768,1349x633,Headphone Check Pass,,,Demographic Questionnaire,5,CB47,Yes,Pass,Pass,Headphone Check Pass,,,,No,response-3-quantised,1
7,1733360879795,05/12/2024 01:07:59,1733360879764,-5,04/12/2024 20:07:59,196386,6,questionnaire-3956,,41810845,BLIND,12213496,,complete,,6750f22e45a031eded4eaa9d,computer,Desktop or Laptop,Windows 10,Chrome 131.0.0.0,1366x768,1349x633,Headphone Check Pass,,,Demographic Questionnaire,5,CB47,Yes,Pass,Pass,Headphone Check Pass,,,,No,response-3-text,
8,1733360879795,05/12/2024 01:07:59,1733360879764,-5,04/12/2024 20:07:59,196386,6,questionnaire-3956,,41810845,BLIND,12213496,,complete,,6750f22e45a031eded4eaa9d,computer,Desktop or Laptop,Windows 10,Chrome 131.0.0.0,1366x768,1349x633,Headphone Check Pass,,,Demographic Questionnaire,5,CB47,Yes,Pass,Pass,Headphone Check Pass,,,,No,response-4,Not Hispanic or Latino
9,1733360879795,05/12/2024 01:07:59,1733360879764,-5,04/12/2024 20:07:59,196386,6,questionnaire-3956,,41810845,BLIND,12213496,,complete,,6750f22e45a031eded4eaa9d,computer,Desktop or Laptop,Windows 10,Chrome 131.0.0.0,1366x768,1349x633,Headphone Check Pass,,,Demographic Questionnaire,5,CB47,Yes,Pass,Pass,Headphone Check Pass,,,,No,response-4-quantised,2
10,1733360879795,05/12/2024 01:07:59,1733360879764,-5,04/12/2024 20:07:59,196386,6,questionnaire-3956,,41810845,BLIND,12213496,,complete,,6750f22e45a031eded4eaa9d,computer,Desktop or Laptop,Windows 10,Chrome 131.0.0.0,1366x768,1349x633,Headphone Check Pass,,,Demographic Questionnaire,5,CB47,Yes,Pass,Pass,Headphone Check Pass,,,,No,response-5-5,White
11,1733360879795,05/12/2024 01:07:59,1733360879765,-5,04/12/2024 20:07:59,196386,6,questionnaire-3956,,41810845,BLIND,12213496,,complete,,6750f22e45a031eded4eaa9d,computer,Desktop or Laptop,Windows 10,Chrome 131.0.0.0,1366x768,1349x633,Headphone Check Pass,,,Demographic Questionnaire,5,CB47,Yes,Pass,Pass,Headphone Check Pass,,,,No,response-6,4
12,1733360879795,05/12/2024 01:07:59,1733360879765,-5,04/12/2024 20:07:59,196386,6,questionnaire-3956,,41810845,BLIND,12213496,,complete,,6750f22e45a031eded4eaa9d,computer,Desktop or Laptop,Windows 10,Chrome 131.0.0.0,1366x768,1349x633,Headphone Check Pass,,,Demographic Questionnaire,5,CB47,Yes,Pass,Pass,Headphone Check Pass,,,,No,response-7,19
13,1733360879795,05/12/2024 01:07:59,1733360879765,-5,04/12/2024 20:07:59,196386,6,questionnaire-3956,,41810845,BLIND,12213496,,complete,,6750f22e45a031eded4eaa9d,computer,Desktop or Laptop,Windows 10,Chrome 131.0.0.0,1366x768,1349x633,Headphone Check Pass,,,Demographic Questionnaire,5,CB47,Yes,Pass,Pass,Headphone Check Pass,,,,No,response-8,30%
14,1733360879795,05/12/2024 01:07:59,1733360879765,-5,04/12/2024 20:07:59,196386,6,questionnaire-3956,,41810845,BLIND,12213496,,complete,,6750f22e45a031eded4eaa9d,computer,Desktop or Laptop,Windows 10,Chrome 131.0.0.0,1366x768,1349x633,Headphone Check Pass,,,Demographic Questionnaire,5,CB47,Yes,Pass,Pass,Headphone Check Pass,,,,No,response-8-quantised,4
15,1733360879795,05/12/2024 01:07:59,1733360879765,-5,04/12/2024 20:07:59,196386,6,questionnaire-3956,,41810845,BLIND,12213496,,complete,,6750f22e45a031eded4eaa9d,computer,Desktop or Laptop,Windows 10,Chrome 131.0.0.0,1366x768,1349x633,Headphone Check Pass,,,Demographic Questionnaire,5,CB47,Yes,Pass,Pass,Headphone Check Pass,,,,No,END QUESTIONNAIRE,35965
1,1733364026834,05/12/2024 02:00:26,1733364022790,-7,04/12/2024 19:00:22,196386,6,questionnaire-3956,,41811152,BLIND,12213685,,complete,,6750fe2f0eeb520d4da8375a,computer,Desktop or Laptop,Windows 10,Chrome 131.0.0.0,1920x1080,1920x945,Headphone Check Pass,,,Demographic Questionnaire,5,CB44,Yes,Pass,Pass,Headphone Check Pass,,,,No,BEGIN QUESTIONNAIRE,
2,1733364072495,05/12/2024 02:01:12,1733364068497,-7,04/12/2024 19:01:08,196386,6,questionnaire-3956,,41811152,BLIND,12213685,,complete,,6750fe2f0eeb520d4da8375a,computer,Desktop or Laptop,Windows 10,Chrome 131.0.0.0,1920x1080,1903x945,Headphone Check Pass,,,Demographic Questionnaire,5,CB44,Yes,Pass,Pass,Headphone Check Pass,,,,No,response-1,22
3,1733364072729,05/12/2024 02:01:12,1733364068498,-7,04/12/2024 19:01:08,196386,6,questionnaire-3956,,41811152,BLIND,12213685,,complete,,6750fe2f0eeb520d4da8375a,computer,Desktop or Laptop,Windows 10,Chrome 131.0.0.0,1920x1080,1903x945,Headphone Check Pass,,,Demographic Questionnaire,5,CB44,Yes,Pass,Pass,Headphone Check Pass,,,,No,response-2,Male
4,1733364072729,05/12/2024 02:01:12,1733364068498,-7,04/12/2024 19:01:08,196386,6,questionnaire-3956,,41811152,BLIND,12213685,,complete,,6750fe2f0eeb520d4da8375a,computer,Desktop or Laptop,Windows 10,Chrome 131.0.0.0,1920x1080,1903x945,Headphone Check Pass,,,Demographic Questionnaire,5,CB44,Yes,Pass,Pass,Headphone Check Pass,,,,No,response-2-quantised,1
5,1733364072729,05/12/2024 02:01:12,1733364068498,-7,04/12/2024 19:01:08,196386,6,questionnaire-3956,,41811152,BLIND,12213685,,complete,,6750fe2f0eeb520d4da8375a,computer,Desktop or Laptop,Windows 10,Chrome 131.0.0.0,1920x1080,1903x945,Headphone Check Pass,,,Demographic Questionnaire,5,CB44,Yes,Pass,Pass,Headphone Check Pass,,,,No,response-3,Pacific southwest
6,1733364072729,05/12/2024 02:01:12,1733364068498,-7,04/12/2024 19:01:08,196386,6,questionnaire-3956,,41811152,BLIND,12213685,,complete,,6750fe2f0eeb520d4da8375a,computer,Desktop or Laptop,Windows 10,Chrome 131.0.0.0,1920x1080,1903x945,Headphone Check Pass,,,Demographic Questionnaire,5,CB44,Yes,Pass,Pass,Headphone Check Pass,,,,No,response-3-quantised,5
7,1733364072729,05/12/2024 02:01:12,1733364068498,-7,04/12/2024 19:01:08,196386,6,questionnaire-3956,,41811152,BLIND,12213685,,complete,,6750fe2f0eeb520d4da8375a,computer,Desktop or Laptop,Windows 10,Chrome 131.0.0.0,1920x1080,1903x945,Headphone Check Pass,,,Demographic Questionnaire,5,CB44,Yes,Pass,Pass,Headphone Check Pass,,,,No,response-3-text,
8,1733364072729,05/12/2024 02:01:12,1733364068498,-7,04/12/2024 19:01:08,196386,6,questionnaire-3956,,41811152,BLIND,12213685,,complete,,6750fe2f0eeb520d4da8375a,computer,Desktop or Laptop,Windows 10,Chrome 131.0.0.0,1920x1080,1903x945,Headphone Check Pass,,,Demographic Questionnaire,5,CB44,Yes,Pass,Pass,Headphone Check Pass,,,,No,response-4,Not Hispanic or Latino
9,1733364072729,05/12/2024 02:01:12,1733364068498,-7,04/12/2024 19:01:08,196386,6,questionnaire-3956,,41811152,BLIND,12213685,,complete,,6750fe2f0eeb520d4da8375a,computer,Desktop or Laptop,Windows 10,Chrome 131.0.0.0,1920x1080,1903x945,Headphone Check Pass,,,Demographic Questionnaire,5,CB44,Yes,Pass,Pass,Headphone Check Pass,,,,No,response-4-quantised,2
10,1733364072729,05/12/2024 02:01:12,1733364068499,-7,04/12/2024 19:01:08,196386,6,questionnaire-3956,,41811152,BLIND,12213685,,complete,,6750fe2f0eeb520d4da8375a,computer,Desktop or Laptop,Windows 10,Chrome 131.0.0.0,1920x1080,1903x945,Headphone Check Pass,,,Demographic Questionnaire,5,CB44,Yes,Pass,Pass,Headphone Check Pass,,,,No,response-5-5,White
11,1733364072729,05/12/2024 02:01:12,1733364068499,-7,04/12/2024 19:01:08,196386,6,questionnaire-3956,,41811152,BLIND,12213685,,complete,,6750fe2f0eeb520d4da8375a,computer,Desktop or Laptop,Windows 10,Chrome 131.0.0.0,1920x1080,1903x945,Headphone Check Pass,,,Demographic Questionnaire,5,CB44,Yes,Pass,Pass,Headphone Check Pass,,,,No,response-6,16
12,1733364072729,05/12/2024 02:01:12,1733364068499,-7,04/12/2024 19:01:08,196386,6,questionnaire-3956,,41811152,BLIND,12213685,,complete,,6750fe2f0eeb520d4da8375a,computer,Desktop or Laptop,Windows 10,Chrome 131.0.0.0,1920x1080,1903x945,Headphone Check Pass,,,Demographic Questionnaire,5,CB44,Yes,Pass,Pass,Headphone Check Pass,,,,No,response-7,6
13,1733364072729,05/12/2024 02:01:12,1733364068499,-7,04/12/2024 19:01:08,196386,6,questionnaire-3956,,41811152,BLIND,12213685,,complete,,6750fe2f0eeb520d4da8375a,computer,Desktop or Laptop,Windows 10,Chrome 131.0.0.0,1920x1080,1903x945,Headphone Check Pass,,,Demographic Questionnaire,5,CB44,Yes,Pass,Pass,Headphone Check Pass,,,,No,response-8,20%
14,1733364072729,05/12/2024 02:01:12,1733364068499,-7,04/12/2024 19:01:08,196386,6,questionnaire-3956,,41811152,BLIND,12213685,,complete,,6750fe2f0eeb520d4da8375a,computer,Desktop or Laptop,Windows 10,Chrome 131.0.0.0,1920x1080,1903x945,Headphone Check Pass,,,Demographic Questionnaire,5,CB44,Yes,Pass,Pass,Headphone Check Pass,,,,No,response-8-quantised,3
15,1733364072729,05/12/2024 02:01:12,1733364068499,-7,04/12/2024 19:01:08,196386,6,questionnaire-3956,,41811152,BLIND,12213685,,complete,,6750fe2f0eeb520d4da8375a,computer,Desktop or Laptop,Windows 10,Chrome 131.0.0.0,1920x1080,1903x945,Headphone Check Pass,,,Demographic Questionnaire,5,CB44,Yes,Pass,Pass,Headphone Check Pass,,,,No,END QUESTIONNAIRE,45709
1,1733365802644,05/12/2024 02:30:02,1733365801903,-6,04/12/2024 20:30:01,196386,6,questionnaire-3956,,41811267,BLIND,12213754,,complete,,6751071a100df8606b967f48,computer,Desktop or Laptop,Chromium OS 14541.0.0,Chrome 130.0.0.0,1536x960,1536x791,Headphone Check Pass,,,Demographic Questionnaire,5,CB36,Yes,Pass,Pass,Headphone Check Pass,,,,No,BEGIN QUESTIONNAIRE,
2,1733365840043,05/12/2024 02:30:40,1733365839329,-6,04/12/2024 20:30:39,196386,6,questionnaire-3956,,41811267,BLIND,12213754,,complete,,6751071a100df8606b967f48,computer,Desktop or Laptop,Chromium OS 14541.0.0,Chrome 130.0.0.0,1536x960,1536x791,Headphone Check Pass,,,Demographic Questionnaire,5,CB36,Yes,Pass,Pass,Headphone Check Pass,,,,No,response-1,34
3,1733365840544,05/12/2024 02:30:40,1733365839330,-6,04/12/2024 20:30:39,196386,6,questionnaire-3956,,41811267,BLIND,12213754,,complete,,6751071a100df8606b967f48,computer,Desktop or Laptop,Chromium OS 14541.0.0,Chrome 130.0.0.0,1536x960,1536x791,Headphone Check Pass,,,Demographic Questionnaire,5,CB36,Yes,Pass,Pass,Headphone Check Pass,,,,No,response-2,Male
4,1733365840544,05/12/2024 02:30:40,1733365839330,-6,04/12/2024 20:30:39,196386,6,questionnaire-3956,,41811267,BLIND,12213754,,complete,,6751071a100df8606b967f48,computer,Desktop or Laptop,Chromium OS 14541.0.0,Chrome 130.0.0.0,1536x960,1536x791,Headphone Check Pass,,,Demographic Questionnaire,5,CB36,Yes,Pass,Pass,Headphone Check Pass,,,,No,response-2-quantised,1
5,1733365840544,05/12/2024 02:30:40,1733365839330,-6,04/12/2024 20:30:39,196386,6,questionnaire-3956,,41811267,BLIND,12213754,,complete,,6751071a100df8606b967f48,computer,Desktop or Laptop,Chromium OS 14541.0.0,Chrome 130.0.0.0,1536x960,1536x791,Headphone Check Pass,,,Demographic Questionnaire,5,CB36,Yes,Pass,Pass,Headphone Check Pass,,,,No,response-3,Southern
6,1733365840544,05/12/2024 02:30:40,1733365839330,-6,04/12/2024 20:30:39,196386,6,questionnaire-3956,,41811267,BLIND,12213754,,complete,,6751071a100df8606b967f48,computer,Desktop or Laptop,Chromium OS 14541.0.0,Chrome 130.0.0.0,1536x960,1536x791,Headphone Check Pass,,,Demographic Questionnaire,5,CB36,Yes,Pass,Pass,Headphone Check Pass,,,,No,response-3-quantised,2
7,1733365840544,05/12/2024 02:30:40,1733365839331,-6,04/12/2024 20:30:39,196386,6,questionnaire-3956,,41811267,BLIND,12213754,,complete,,6751071a100df8606b967f48,computer,Desktop or Laptop,Chromium OS 14541.0.0,Chrome 130.0.0.0,1536x960,1536x791,Headphone Check Pass,,,Demographic Questionnaire,5,CB36,Yes,Pass,Pass,Headphone Check Pass,,,,No,response-3-text,
8,1733365840544,05/12/2024 02:30:40,1733365839331,-6,04/12/2024 20:30:39,196386,6,questionnaire-3956,,41811267,BLIND,12213754,,complete,,6751071a100df8606b967f48,computer,Desktop or Laptop,Chromium OS 14541.0.0,Chrome 130.0.0.0,1536x960,1536x791,Headphone Check Pass,,,Demographic Questionnaire,5,CB36,Yes,Pass,Pass,Headphone Check Pass,,,,No,response-4,Not Hispanic or Latino
9,1733365840544,05/12/2024 02:30:40,1733365839331,-6,04/12/2024 20:30:39,196386,6,questionnaire-3956,,41811267,BLIND,12213754,,complete,,6751071a100df8606b967f48,computer,Desktop or Laptop,Chromium OS 14541.0.0,Chrome 130.0.0.0,1536x960,1536x791,Headphone Check Pass,,,Demographic Questionnaire,5,CB36,Yes,Pass,Pass,Headphone Check Pass,,,,No,response-4-quantised,2
10,1733365840544,05/12/2024 02:30:40,1733365839331,-6,04/12/2024 20:30:39,196386,6,questionnaire-3956,,41811267,BLIND,12213754,,complete,,6751071a100df8606b967f48,computer,Desktop or Laptop,Chromium OS 14541.0.0,Chrome 130.0.0.0,1536x960,1536x791,Headphone Check Pass,,,Demographic Questionnaire,5,CB36,Yes,Pass,Pass,Headphone Check Pass,,,,No,response-5-5,White
11,1733365840544,05/12/2024 02:30:40,1733365839331,-6,04/12/2024 20:30:39,196386,6,questionnaire-3956,,41811267,BLIND,12213754,,complete,,6751071a100df8606b967f48,computer,Desktop or Laptop,Chromium OS 14541.0.0,Chrome 130.0.0.0,1536x960,1536x791,Headphone Check Pass,,,Demographic Questionnaire,5,CB36,Yes,Pass,Pass,Headphone Check Pass,,,,No,response-6,18
12,1733365840544,05/12/2024 02:30:40,1733365839331,-6,04/12/2024 20:30:39,196386,6,questionnaire-3956,,41811267,BLIND,12213754,,complete,,6751071a100df8606b967f48,computer,Desktop or Laptop,Chromium OS 14541.0.0,Chrome 130.0.0.0,1536x960,1536x791,Headphone Check Pass,,,Demographic Questionnaire,5,CB36,Yes,Pass,Pass,Headphone Check Pass,,,,No,response-7,16
13,1733365840544,05/12/2024 02:30:40,1733365839332,-6,04/12/2024 20:30:39,196386,6,questionnaire-3956,,41811267,BLIND,12213754,,complete,,6751071a100df8606b967f48,computer,Desktop or Laptop,Chromium OS 14541.0.0,Chrome 130.0.0.0,1536x960,1536x791,Headphone Check Pass,,,Demographic Questionnaire,5,CB36,Yes,Pass,Pass,Headphone Check Pass,,,,No,response-8,20%
14,1733365840544,05/12/2024 02:30:40,1733365839332,-6,04/12/2024 20:30:39,196386,6,questionnaire-3956,,41811267,BLIND,12213754,,complete,,6751071a100df8606b967f48,computer,Desktop or Laptop,Chromium OS 14541.0.0,Chrome 130.0.0.0,1536x960,1536x791,Headphone Check Pass,,,Demographic Questionnaire,5,CB36,Yes,Pass,Pass,Headphone Check Pass,,,,No,response-8-quantised,3
15,1733365840544,05/12/2024 02:30:40,1733365839332,-6,04/12/2024 20:30:39,196386,6,questionnaire-3956,,41811267,BLIND,12213754,,complete,,6751071a100df8606b967f48,computer,Desktop or Laptop,Chromium OS 14541.0.0,Chrome 130.0.0.0,1536x960,1536x791,Headphone Check Pass,,,Demographic Questionnaire,5,CB36,Yes,Pass,Pass,Headphone Check Pass,,,,No,END QUESTIONNAIRE,37429
1,1733370732961,05/12/2024 03:52:12,1733370732472,-5,04/12/2024 22:52:12,196386,6,questionnaire-3956,,41811509,BLIND,12213892,,complete,,67511adaf9d2820532323cf0,computer,Desktop or Laptop,Windows 10,Chrome 131.0.0.0,1920x1080,1920x911,Headphone Check Pass,,,Demographic Questionnaire,5,CB11,Yes,Pass,Pass,Headphone Check Pass,,,,No,BEGIN QUESTIONNAIRE,
2,1733370773443,05/12/2024 03:52:53,1733370772964,-5,04/12/2024 22:52:52,196386,6,questionnaire-3956,,41811509,BLIND,12213892,,complete,,67511adaf9d2820532323cf0,computer,Desktop or Laptop,Windows 10,Chrome 131.0.0.0,1920x1080,1903x911,Headphone Check Pass,,,Demographic Questionnaire,5,CB11,Yes,Pass,Pass,Headphone Check Pass,,,,No,response-1,35
3,1733370773677,05/12/2024 03:52:53,1733370772966,-5,04/12/2024 22:52:52,196386,6,questionnaire-3956,,41811509,BLIND,12213892,,complete,,67511adaf9d2820532323cf0,computer,Desktop or Laptop,Windows 10,Chrome 131.0.0.0,1920x1080,1903x911,Headphone Check Pass,,,Demographic Questionnaire,5,CB11,Yes,Pass,Pass,Headphone Check Pass,,,,No,response-2,Female
4,1733370773677,05/12/2024 03:52:53,1733370772967,-5,04/12/2024 22:52:52,196386,6,questionnaire-3956,,41811509,BLIND,12213892,,complete,,67511adaf9d2820532323cf0,computer,Desktop or Laptop,Windows 10,Chrome 131.0.0.0,1920x1080,1903x911,Headphone Check Pass,,,Demographic Questionnaire,5,CB11,Yes,Pass,Pass,Headphone Check Pass,,,,No,response-2-quantised,2
5,1733370773677,05/12/2024 03:52:53,1733370772967,-5,04/12/2024 22:52:52,196386,6,questionnaire-3956,,41811509,BLIND,12213892,,complete,,67511adaf9d2820532323cf0,computer,Desktop or Laptop,Windows 10,Chrome 131.0.0.0,1920x1080,1903x911,Headphone Check Pass,,,Demographic Questionnaire,5,CB11,Yes,Pass,Pass,Headphone Check Pass,,,,No,response-3,Pacific southwest
6,1733370773677,05/12/2024 03:52:53,1733370772967,-5,04/12/2024 22:52:52,196386,6,questionnaire-3956,,41811509,BLIND,12213892,,complete,,67511adaf9d2820532323cf0,computer,Desktop or Laptop,Windows 10,Chrome 131.0.0.0,1920x1080,1903x911,Headphone Check Pass,,,Demographic Questionnaire,5,CB11,Yes,Pass,Pass,Headphone Check Pass,,,,No,response-3-quantised,5
7,1733370773677,05/12/2024 03:52:53,1733370772967,-5,04/12/2024 22:52:52,196386,6,questionnaire-3956,,41811509,BLIND,12213892,,complete,,67511adaf9d2820532323cf0,computer,Desktop or Laptop,Windows 10,Chrome 131.0.0.0,1920x1080,1903x911,Headphone Check Pass,,,Demographic Questionnaire,5,CB11,Yes,Pass,Pass,Headphone Check Pass,,,,No,response-3-text,
8,1733370773677,05/12/2024 03:52:53,1733370772967,-5,04/12/2024 22:52:52,196386,6,questionnaire-3956,,41811509,BLIND,12213892,,complete,,67511adaf9d2820532323cf0,computer,Desktop or Laptop,Windows 10,Chrome 131.0.0.0,1920x1080,1903x911,Headphone Check Pass,,,Demographic Questionnaire,5,CB11,Yes,Pass,Pass,Headphone Check Pass,,,,No,response-4,Hispanic or Latino
9,1733370773677,05/12/2024 03:52:53,1733370772968,-5,04/12/2024 22:52:52,196386,6,questionnaire-3956,,41811509,BLIND,12213892,,complete,,67511adaf9d2820532323cf0,computer,Desktop or Laptop,Windows 10,Chrome 131.0.0.0,1920x1080,1903x911,Headphone Check Pass,,,Demographic Questionnaire,5,CB11,Yes,Pass,Pass,Headphone Check Pass,,,,No,response-4-quantised,1
10,1733370773677,05/12/2024 03:52:53,1733370772968,-5,04/12/2024 22:52:52,196386,6,questionnaire-3956,,41811509,BLIND,12213892,,complete,,67511adaf9d2820532323cf0,computer,Desktop or Laptop,Windows 10,Chrome 131.0.0.0,1920x1080,1903x911,Headphone Check Pass,,,Demographic Questionnaire,5,CB11,Yes,Pass,Pass,Headphone Check Pass,,,,No,response-5-7,Decline to state
11,1733370773677,05/12/2024 03:52:53,1733370772968,-5,04/12/2024 22:52:52,196386,6,questionnaire-3956,,41811509,BLIND,12213892,,complete,,67511adaf9d2820532323cf0,computer,Desktop or Laptop,Windows 10,Chrome 131.0.0.0,1920x1080,1903x911,Headphone Check Pass,,,Demographic Questionnaire,5,CB11,Yes,Pass,Pass,Headphone Check Pass,,,,No,response-6,0
12,1733370773677,05/12/2024 03:52:53,1733370772968,-5,04/12/2024 22:52:52,196386,6,questionnaire-3956,,41811509,BLIND,12213892,,complete,,67511adaf9d2820532323cf0,computer,Desktop or Laptop,Windows 10,Chrome 131.0.0.0,1920x1080,1903x911,Headphone Check Pass,,,Demographic Questionnaire,5,CB11,Yes,Pass,Pass,Headphone Check Pass,,,,No,response-7,35
13,1733370773677,05/12/2024 03:52:53,1733370772969,-5,04/12/2024 22:52:52,196386,6,questionnaire-3956,,41811509,BLIND,12213892,,complete,,67511adaf9d2820532323cf0,computer,Desktop or Laptop,Windows 10,Chrome 131.0.0.0,1920x1080,1903x911,Headphone Check Pass,,,Demographic Questionnaire,5,CB11,Yes,Pass,Pass,Headphone Check Pass,,,,No,response-8,90%
14,1733370773677,05/12/2024 03:52:53,1733370772969,-5,04/12/2024 22:52:52,196386,6,questionnaire-3956,,41811509,BLIND,12213892,,complete,,67511adaf9d2820532323cf0,computer,Desktop or Laptop,Windows 10,Chrome 131.0.0.0,1920x1080,1903x911,Headphone Check Pass,,,Demographic Questionnaire,5,CB11,Yes,Pass,Pass,Headphone Check Pass,,,,No,response-8-quantised,10
15,1733370773677,05/12/2024 03:52:53,1733370772969,-5,04/12/2024 22:52:52,196386,6,questionnaire-3956,,41811509,BLIND,12213892,,complete,,67511adaf9d2820532323cf0,computer,Desktop or Laptop,Windows 10,Chrome 131.0.0.0,1920x1080,1903x911,Headphone Check Pass,,,Demographic Questionnaire,5,CB11,Yes,Pass,Pass,Headphone Check Pass,,,,No,END QUESTIONNAIRE,40497
1,1733373285825,05/12/2024 04:34:45,1733373285591,-8,04/12/2024 20:34:45,196386,6,questionnaire-3956,,41811690,BLIND,12213971,,complete,,67512422d737a760c8fefaf2,computer,Desktop or Laptop,Windows 10,Chrome 131.0.0.0,1280x720,1280x559,Headphone Check Pass,,,Demographic Questionnaire,5,B49,Yes,Pass,Pass,Headphone Check Pass,,,,No,BEGIN QUESTIONNAIRE,
2,1733373312833,05/12/2024 04:35:12,1733373312622,-8,04/12/2024 20:35:12,196386,6,questionnaire-3956,,41811690,BLIND,12213971,,complete,,67512422d737a760c8fefaf2,computer,Desktop or Laptop,Windows 10,Chrome 131.0.0.0,1280x720,1263x559,Headphone Check Pass,,,Demographic Questionnaire,5,B49,Yes,Pass,Pass,Headphone Check Pass,,,,No,response-1,25
3,1733373313068,05/12/2024 04:35:13,1733373312623,-8,04/12/2024 20:35:12,196386,6,questionnaire-3956,,41811690,BLIND,12213971,,complete,,67512422d737a760c8fefaf2,computer,Desktop or Laptop,Windows 10,Chrome 131.0.0.0,1280x720,1263x559,Headphone Check Pass,,,Demographic Questionnaire,5,B49,Yes,Pass,Pass,Headphone Check Pass,,,,No,response-2,Female
4,1733373313068,05/12/2024 04:35:13,1733373312623,-8,04/12/2024 20:35:12,196386,6,questionnaire-3956,,41811690,BLIND,12213971,,complete,,67512422d737a760c8fefaf2,computer,Desktop or Laptop,Windows 10,Chrome 131.0.0.0,1280x720,1263x559,Headphone Check Pass,,,Demographic Questionnaire,5,B49,Yes,Pass,Pass,Headphone Check Pass,,,,No,response-2-quantised,2
5,1733373313068,05/12/2024 04:35:13,1733373312623,-8,04/12/2024 20:35:12,196386,6,questionnaire-3956,,41811690,BLIND,12213971,,complete,,67512422d737a760c8fefaf2,computer,Desktop or Laptop,Windows 10,Chrome 131.0.0.0,1280x720,1263x559,Headphone Check Pass,,,Demographic Questionnaire,5,B49,Yes,Pass,Pass,Headphone Check Pass,,,,No,response-3,Do not know
6,1733373313068,05/12/2024 04:35:13,1733373312623,-8,04/12/2024 20:35:12,196386,6,questionnaire-3956,,41811690,BLIND,12213971,,complete,,67512422d737a760c8fefaf2,computer,Desktop or Laptop,Windows 10,Chrome 131.0.0.0,1280x720,1263x559,Headphone Check Pass,,,Demographic Questionnaire,5,B49,Yes,Pass,Pass,Headphone Check Pass,,,,No,response-3-quantised,7
7,1733373313068,05/12/2024 04:35:13,1733373312623,-8,04/12/2024 20:35:12,196386,6,questionnaire-3956,,41811690,BLIND,12213971,,complete,,67512422d737a760c8fefaf2,computer,Desktop or Laptop,Windows 10,Chrome 131.0.0.0,1280x720,1263x559,Headphone Check Pass,,,Demographic Questionnaire,5,B49,Yes,Pass,Pass,Headphone Check Pass,,,,No,response-3-text,
8,1733373313068,05/12/2024 04:35:13,1733373312623,-8,04/12/2024 20:35:12,196386,6,questionnaire-3956,,41811690,BLIND,12213971,,complete,,67512422d737a760c8fefaf2,computer,Desktop or Laptop,Windows 10,Chrome 131.0.0.0,1280x720,1263x559,Headphone Check Pass,,,Demographic Questionnaire,5,B49,Yes,Pass,Pass,Headphone Check Pass,,,,No,response-4,Hispanic or Latino
9,1733373313068,05/12/2024 04:35:13,1733373312623,-8,04/12/2024 20:35:12,196386,6,questionnaire-3956,,41811690,BLIND,12213971,,complete,,67512422d737a760c8fefaf2,computer,Desktop or Laptop,Windows 10,Chrome 131.0.0.0,1280x720,1263x559,Headphone Check Pass,,,Demographic Questionnaire,5,B49,Yes,Pass,Pass,Headphone Check Pass,,,,No,response-4-quantised,1
10,1733373313068,05/12/2024 04:35:13,1733373312623,-8,04/12/2024 20:35:12,196386,6,questionnaire-3956,,41811690,BLIND,12213971,,complete,,67512422d737a760c8fefaf2,computer,Desktop or Laptop,Windows 10,Chrome 131.0.0.0,1280x720,1263x559,Headphone Check Pass,,,Demographic Questionnaire,5,B49,Yes,Pass,Pass,Headphone Check Pass,,,,No,response-5-5,White
11,1733373313068,05/12/2024 04:35:13,1733373312623,-8,04/12/2024 20:35:12,196386,6,questionnaire-3956,,41811690,BLIND,12213971,,complete,,67512422d737a760c8fefaf2,computer,Desktop or Laptop,Windows 10,Chrome 131.0.0.0,1280x720,1263x559,Headphone Check Pass,,,Demographic Questionnaire,5,B49,Yes,Pass,Pass,Headphone Check Pass,,,,No,response-6,5
12,1733373313068,05/12/2024 04:35:13,1733373312623,-8,04/12/2024 20:35:12,196386,6,questionnaire-3956,,41811690,BLIND,12213971,,complete,,67512422d737a760c8fefaf2,computer,Desktop or Laptop,Windows 10,Chrome 131.0.0.0,1280x720,1263x559,Headphone Check Pass,,,Demographic Questionnaire,5,B49,Yes,Pass,Pass,Headphone Check Pass,,,,No,response-7,20
13,1733373313068,05/12/2024 04:35:13,1733373312623,-8,04/12/2024 20:35:12,196386,6,questionnaire-3956,,41811690,BLIND,12213971,,complete,,67512422d737a760c8fefaf2,computer,Desktop or Laptop,Windows 10,Chrome 131.0.0.0,1280x720,1263x559,Headphone Check Pass,,,Demographic Questionnaire,5,B49,Yes,Pass,Pass,Headphone Check Pass,,,,No,response-8,70%
14,1733373313068,05/12/2024 04:35:13,1733373312623,-8,04/12/2024 20:35:12,196386,6,questionnaire-3956,,41811690,BLIND,12213971,,complete,,67512422d737a760c8fefaf2,computer,Desktop or Laptop,Windows 10,Chrome 131.0.0.0,1280x720,1263x559,Headphone Check Pass,,,Demographic Questionnaire,5,B49,Yes,Pass,Pass,Headphone Check Pass,,,,No,response-8-quantised,8
15,1733373313068,05/12/2024 04:35:13,1733373312623,-8,04/12/2024 20:35:12,196386,6,questionnaire-3956,,41811690,BLIND,12213971,,complete,,67512422d737a760c8fefaf2,computer,Desktop or Laptop,Windows 10,Chrome 131.0.0.0,1280x720,1263x559,Headphone Check Pass,,,Demographic Questionnaire,5,B49,Yes,Pass,Pass,Headphone Check Pass,,,,No,END QUESTIONNAIRE,27032
1,1733379357368,05/12/2024 06:15:57,1733379357249,-5,05/12/2024 01:15:57,196386,6,questionnaire-3956,,41812211,BLIND,12214172,,complete,,67513d2e815812835fc9ee69,computer,Desktop or Laptop,Windows 10,Chrome 131.0.0.0,1536x864,1536x695,Headphone Check Pass,,,Demographic Questionnaire,5,CB38,Yes,Pass,Pass,Headphone Check Pass,,,,No,BEGIN QUESTIONNAIRE,
2,1733379393346,05/12/2024 06:16:33,1733379393275,-5,05/12/2024 01:16:33,196386,6,questionnaire-3956,,41812211,BLIND,12214172,,complete,,67513d2e815812835fc9ee69,computer,Desktop or Laptop,Windows 10,Chrome 131.0.0.0,1536x864,1519x695,Headphone Check Pass,,,Demographic Questionnaire,5,CB38,Yes,Pass,Pass,Headphone Check Pass,,,,No,response-1,26
3,1733379393489,05/12/2024 06:16:33,1733379393277,-5,05/12/2024 01:16:33,196386,6,questionnaire-3956,,41812211,BLIND,12214172,,complete,,67513d2e815812835fc9ee69,computer,Desktop or Laptop,Windows 10,Chrome 131.0.0.0,1536x864,1519x695,Headphone Check Pass,,,Demographic Questionnaire,5,CB38,Yes,Pass,Pass,Headphone Check Pass,,,,No,response-2,Male
4,1733379393489,05/12/2024 06:16:33,1733379393277,-5,05/12/2024 01:16:33,196386,6,questionnaire-3956,,41812211,BLIND,12214172,,complete,,67513d2e815812835fc9ee69,computer,Desktop or Laptop,Windows 10,Chrome 131.0.0.0,1536x864,1519x695,Headphone Check Pass,,,Demographic Questionnaire,5,CB38,Yes,Pass,Pass,Headphone Check Pass,,,,No,response-2-quantised,1
5,1733379393489,05/12/2024 06:16:33,1733379393277,-5,05/12/2024 01:16:33,196386,6,questionnaire-3956,,41812211,BLIND,12214172,,complete,,67513d2e815812835fc9ee69,computer,Desktop or Laptop,Windows 10,Chrome 131.0.0.0,1536x864,1519x695,Headphone Check Pass,,,Demographic Questionnaire,5,CB38,Yes,Pass,Pass,Headphone Check Pass,,,,No,response-3,New England
6,1733379393489,05/12/2024 06:16:33,1733379393278,-5,05/12/2024 01:16:33,196386,6,questionnaire-3956,,41812211,BLIND,12214172,,complete,,67513d2e815812835fc9ee69,computer,Desktop or Laptop,Windows 10,Chrome 131.0.0.0,1536x864,1519x695,Headphone Check Pass,,,Demographic Questionnaire,5,CB38,Yes,Pass,Pass,Headphone Check Pass,,,,No,response-3-quantised,1
7,1733379393489,05/12/2024 06:16:33,1733379393278,-5,05/12/2024 01:16:33,196386,6,questionnaire-3956,,41812211,BLIND,12214172,,complete,,67513d2e815812835fc9ee69,computer,Desktop or Laptop,Windows 10,Chrome 131.0.0.0,1536x864,1519x695,Headphone Check Pass,,,Demographic Questionnaire,5,CB38,Yes,Pass,Pass,Headphone Check Pass,,,,No,response-3-text,
8,1733379393489,05/12/2024 06:16:33,1733379393278,-5,05/12/2024 01:16:33,196386,6,questionnaire-3956,,41812211,BLIND,12214172,,complete,,67513d2e815812835fc9ee69,computer,Desktop or Laptop,Windows 10,Chrome 131.0.0.0,1536x864,1519x695,Headphone Check Pass,,,Demographic Questionnaire,5,CB38,Yes,Pass,Pass,Headphone Check Pass,,,,No,response-4,Not Hispanic or Latino
9,1733379393489,05/12/2024 06:16:33,1733379393278,-5,05/12/2024 01:16:33,196386,6,questionnaire-3956,,41812211,BLIND,12214172,,complete,,67513d2e815812835fc9ee69,computer,Desktop or Laptop,Windows 10,Chrome 131.0.0.0,1536x864,1519x695,Headphone Check Pass,,,Demographic Questionnaire,5,CB38,Yes,Pass,Pass,Headphone Check Pass,,,,No,response-4-quantised,2
10,1733379393489,05/12/2024 06:16:33,1733379393278,-5,05/12/2024 01:16:33,196386,6,questionnaire-3956,,41812211,BLIND,12214172,,complete,,67513d2e815812835fc9ee69,computer,Desktop or Laptop,Windows 10,Chrome 131.0.0.0,1536x864,1519x695,Headphone Check Pass,,,Demographic Questionnaire,5,CB38,Yes,Pass,Pass,Headphone Check Pass,,,,No,response-5-5,White
11,1733379393489,05/12/2024 06:16:33,1733379393278,-5,05/12/2024 01:16:33,196386,6,questionnaire-3956,,41812211,BLIND,12214172,,complete,,67513d2e815812835fc9ee69,computer,Desktop or Laptop,Windows 10,Chrome 131.0.0.0,1536x864,1519x695,Headphone Check Pass,,,Demographic Questionnaire,5,CB38,Yes,Pass,Pass,Headphone Check Pass,,,,No,response-6,13
12,1733379393489,05/12/2024 06:16:33,1733379393279,-5,05/12/2024 01:16:33,196386,6,questionnaire-3956,,41812211,BLIND,12214172,,complete,,67513d2e815812835fc9ee69,computer,Desktop or Laptop,Windows 10,Chrome 131.0.0.0,1536x864,1519x695,Headphone Check Pass,,,Demographic Questionnaire,5,CB38,Yes,Pass,Pass,Headphone Check Pass,,,,No,response-7,10
13,1733379393489,05/12/2024 06:16:33,1733379393279,-5,05/12/2024 01:16:33,196386,6,questionnaire-3956,,41812211,BLIND,12214172,,complete,,67513d2e815812835fc9ee69,computer,Desktop or Laptop,Windows 10,Chrome 131.0.0.0,1536x864,1519x695,Headphone Check Pass,,,Demographic Questionnaire,5,CB38,Yes,Pass,Pass,Headphone Check Pass,,,,No,response-8,20%
14,1733379393489,05/12/2024 06:16:33,1733379393279,-5,05/12/2024 01:16:33,196386,6,questionnaire-3956,,41812211,BLIND,12214172,,complete,,67513d2e815812835fc9ee69,computer,Desktop or Laptop,Windows 10,Chrome 131.0.0.0,1536x864,1519x695,Headphone Check Pass,,,Demographic Questionnaire,5,CB38,Yes,Pass,Pass,Headphone Check Pass,,,,No,response-8-quantised,3
15,1733379393489,05/12/2024 06:16:33,1733379393279,-5,05/12/2024 01:16:33,196386,6,questionnaire-3956,,41812211,BLIND,12214172,,complete,,67513d2e815812835fc9ee69,computer,Desktop or Laptop,Windows 10,Chrome 131.0.0.0,1536x864,1519x695,Headphone Check Pass,,,Demographic Questionnaire,5,CB38,Yes,Pass,Pass,Headphone Check Pass,,,,No,END QUESTIONNAIRE,36030
1,1733384560669,05/12/2024 07:42:40,1733384557157,-6,05/12/2024 01:42:37,196386,6,questionnaire-3956,,41812984,BLIND,12214281,,complete,,67514faa16ca093e95c8a89b,computer,Desktop or Laptop,Windows 10,Chrome 131.0.0.0,1366x768,1366x633,Headphone Check Pass,,,Demographic Questionnaire,5,CB13,Yes,Pass,Pass,Headphone Check Pass,,,,No,BEGIN QUESTIONNAIRE,
2,1733384628634,05/12/2024 07:43:48,1733384625019,-6,05/12/2024 01:43:45,196386,6,questionnaire-3956,,41812984,BLIND,12214281,,complete,,67514faa16ca093e95c8a89b,computer,Desktop or Laptop,Windows 10,Chrome 131.0.0.0,1366x768,1349x633,Headphone Check Pass,,,Demographic Questionnaire,5,CB13,Yes,Pass,Pass,Headphone Check Pass,,,,No,response-1,29
3,1733384628882,05/12/2024 07:43:48,1733384625021,-6,05/12/2024 01:43:45,196386,6,questionnaire-3956,,41812984,BLIND,12214281,,complete,,67514faa16ca093e95c8a89b,computer,Desktop or Laptop,Windows 10,Chrome 131.0.0.0,1366x768,1349x633,Headphone Check Pass,,,Demographic Questionnaire,5,CB13,Yes,Pass,Pass,Headphone Check Pass,,,,No,response-2,Female
4,1733384628882,05/12/2024 07:43:48,1733384625021,-6,05/12/2024 01:43:45,196386,6,questionnaire-3956,,41812984,BLIND,12214281,,complete,,67514faa16ca093e95c8a89b,computer,Desktop or Laptop,Windows 10,Chrome 131.0.0.0,1366x768,1349x633,Headphone Check Pass,,,Demographic Questionnaire,5,CB13,Yes,Pass,Pass,Headphone Check Pass,,,,No,response-2-quantised,2
5,1733384628882,05/12/2024 07:43:48,1733384625021,-6,05/12/2024 01:43:45,196386,6,questionnaire-3956,,41812984,BLIND,12214281,,complete,,67514faa16ca093e95c8a89b,computer,Desktop or Laptop,Windows 10,Chrome 131.0.0.0,1366x768,1349x633,Headphone Check Pass,,,Demographic Questionnaire,5,CB13,Yes,Pass,Pass,Headphone Check Pass,,,,No,response-3,Southern
6,1733384628882,05/12/2024 07:43:48,1733384625021,-6,05/12/2024 01:43:45,196386,6,questionnaire-3956,,41812984,BLIND,12214281,,complete,,67514faa16ca093e95c8a89b,computer,Desktop or Laptop,Windows 10,Chrome 131.0.0.0,1366x768,1349x633,Headphone Check Pass,,,Demographic Questionnaire,5,CB13,Yes,Pass,Pass,Headphone Check Pass,,,,No,response-3-quantised,2
7,1733384628882,05/12/2024 07:43:48,1733384625022,-6,05/12/2024 01:43:45,196386,6,questionnaire-3956,,41812984,BLIND,12214281,,complete,,67514faa16ca093e95c8a89b,computer,Desktop or Laptop,Windows 10,Chrome 131.0.0.0,1366x768,1349x633,Headphone Check Pass,,,Demographic Questionnaire,5,CB13,Yes,Pass,Pass,Headphone Check Pass,,,,No,response-3-text,
8,1733384628882,05/12/2024 07:43:48,1733384625022,-6,05/12/2024 01:43:45,196386,6,questionnaire-3956,,41812984,BLIND,12214281,,complete,,67514faa16ca093e95c8a89b,computer,Desktop or Laptop,Windows 10,Chrome 131.0.0.0,1366x768,1349x633,Headphone Check Pass,,,Demographic Questionnaire,5,CB13,Yes,Pass,Pass,Headphone Check Pass,,,,No,response-4,Hispanic or Latino
9,1733384628882,05/12/2024 07:43:48,1733384625022,-6,05/12/2024 01:43:45,196386,6,questionnaire-3956,,41812984,BLIND,12214281,,complete,,67514faa16ca093e95c8a89b,computer,Desktop or Laptop,Windows 10,Chrome 131.0.0.0,1366x768,1349x633,Headphone Check Pass,,,Demographic Questionnaire,5,CB13,Yes,Pass,Pass,Headphone Check Pass,,,,No,response-4-quantised,1
10,1733384628882,05/12/2024 07:43:48,1733384625023,-6,05/12/2024 01:43:45,196386,6,questionnaire-3956,,41812984,BLIND,12214281,,complete,,67514faa16ca093e95c8a89b,computer,Desktop or Laptop,Windows 10,Chrome 131.0.0.0,1366x768,1349x633,Headphone Check Pass,,,Demographic Questionnaire,5,CB13,Yes,Pass,Pass,Headphone Check Pass,,,,No,response-5-5,White
11,1733384628882,05/12/2024 07:43:48,1733384625023,-6,05/12/2024 01:43:45,196386,6,questionnaire-3956,,41812984,BLIND,12214281,,complete,,67514faa16ca093e95c8a89b,computer,Desktop or Laptop,Windows 10,Chrome 131.0.0.0,1366x768,1349x633,Headphone Check Pass,,,Demographic Questionnaire,5,CB13,Yes,Pass,Pass,Headphone Check Pass,,,,No,response-6,1
12,1733384628882,05/12/2024 07:43:48,1733384625024,-6,05/12/2024 01:43:45,196386,6,questionnaire-3956,,41812984,BLIND,12214281,,complete,,67514faa16ca093e95c8a89b,computer,Desktop or Laptop,Windows 10,Chrome 131.0.0.0,1366x768,1349x633,Headphone Check Pass,,,Demographic Questionnaire,5,CB13,Yes,Pass,Pass,Headphone Check Pass,,,,No,response-7,29
13,1733384628882,05/12/2024 07:43:48,1733384625024,-6,05/12/2024 01:43:45,196386,6,questionnaire-3956,,41812984,BLIND,12214281,,complete,,67514faa16ca093e95c8a89b,computer,Desktop or Laptop,Windows 10,Chrome 131.0.0.0,1366x768,1349x633,Headphone Check Pass,,,Demographic Questionnaire,5,CB13,Yes,Pass,Pass,Headphone Check Pass,,,,No,response-8,20%
14,1733384628882,05/12/2024 07:43:48,1733384625024,-6,05/12/2024 01:43:45,196386,6,questionnaire-3956,,41812984,BLIND,12214281,,complete,,67514faa16ca093e95c8a89b,computer,Desktop or Laptop,Windows 10,Chrome 131.0.0.0,1366x768,1349x633,Headphone Check Pass,,,Demographic Questionnaire,5,CB13,Yes,Pass,Pass,Headphone Check Pass,,,,No,response-8-quantised,3
15,1733384628882,05/12/2024 07:43:48,1733384625024,-6,05/12/2024 01:43:45,196386,6,questionnaire-3956,,41812984,BLIND,12214281,,complete,,67514faa16ca093e95c8a89b,computer,Desktop or Laptop,Windows 10,Chrome 131.0.0.0,1366x768,1349x633,Headphone Check Pass,,,Demographic Questionnaire,5,CB13,Yes,Pass,Pass,Headphone Check Pass,,,,No,END QUESTIONNAIRE,67867
END OF FILE
